external_id,is_laundering,typology
3974,0,
31172,0,
68397,0,
72185,0,
72980,0,
89809,0,
93290,0,
95601,0,
108195,0,
108840,0,
110661,0,
133984,0,
146433,0,
177641,0,
179188,0,
181930,0,
184690,0,
214023,0,
217221,0,
220674,0,
227262,0,
229344,0,
253887,0,
254112,0,
285897,0,
287247,0,
289770,0,
309805,0,
317677,0,
23454,0,
25368,0,
34847,0,
63425,0,
75476,0,
79938,0,
89825,0,
114890,0,
131121,0,
133445,0,
180248,0,
181738,0,
191436,0,
203738,0,
204913,0,
272713,0,
280396,0,
9031,0,
9688,0,
23612,0,
33264,0,
37707,0,
63758,0,
72470,0,
86692,0,
88216,0,
90851,0,
136522,0,
139917,0,
140959,0,
146431,0,
163443,0,
173799,0,
221012,0,
227261,0,
246048,0,
247915,0,
254109,0,
264227,0,
266554,0,
279447,0,
280574,0,
287171,0,
291300,0,
304614,0,
308618,0,
37346,0,
39842,0,
65639,0,
72471,0,
73957,0,
112526,0,
117725,0,
119937,0,
130958,0,
148978,0,
158087,0,
169784,0,
203475,0,
209346,0,
222432,0,
227903,0,
241221,0,
297107,0,
319721,0,
322258,0,
1634,0,
3765,0,
14032,0,
21706,0,
43291,0,
73955,0,
76474,0,
81031,0,
91622,0,
91668,0,
130956,0,
136537,0,
144408,0,
147102,0,
149316,0,
168503,0,
185735,0,
204911,0,
209644,0,
246046,0,
246049,0,
251235,0,
274345,0,
278593,0,
280397,0,
318128,1,GATHER-SCATTER
8950,0,
16754,0,
53763,0,
55212,0,
65430,0,
68610,0,
79228,0,
82726,0,
91827,0,
121548,0,
121549,0,
122315,0,
122316,0,
122638,0,
122682,0,
138978,0,
139403,0,
143989,0,
151712,0,
159769,0,
162388,0,
179288,0,
191437,0,
200546,0,
217297,0,
220783,0,
229382,0,
245987,0,
261322,0,
272173,0,
272650,0,
276515,0,
277879,0,
308993,0,
318102,0,
326467,0,
37866,0,
41216,0,
55214,0,
61739,0,
65427,0,
67781,0,
75413,0,
84542,0,
109578,0,
149346,0,
166442,0,
170676,0,
187513,0,
203049,0,
203474,0,
209394,0,
211109,0,
220056,0,
240737,0,
249932,0,
254110,0,
255111,0,
260359,0,
273454,0,
276503,0,
295897,0,
303470,0,
18707,0,
22310,0,
35679,0,
40265,0,
50336,0,
54664,0,
65224,0,
74661,0,
75215,0,
78249,0,
112304,0,
120776,0,
124639,0,
126024,0,
127643,0,
131781,0,
137717,0,
138256,0,
138979,0,
144406,0,
159339,0,
168085,0,
171168,0,
175469,0,
179189,0,
185778,0,
198196,0,
202679,0,
222500,0,
227760,0,
230249,0,
230774,0,
262235,0,
266833,0,
266834,0,
285399,0,
324397,0,
23909,0,
26159,0,
43288,0,
51222,0,
63798,0,
82650,0,
85848,0,
89693,0,
99373,0,
102059,0,
109577,0,
135020,0,
145327,0,
168769,0,
179110,0,
193768,0,
218158,0,
236776,0,
254712,0,
266836,0,
283376,0,
287245,0,
312523,0,
22151,0,
35834,0,
49409,0,
74075,0,
80103,0,
85815,0,
96303,0,
120723,0,
162140,0,
183186,0,
202392,0,
218835,0,
249132,0,
273179,0,
274714,0,
275439,0,
279445,0,
282837,0,
302624,0,
319531,0,
15443,0,
21873,0,
63745,0,
63755,0,
65432,0,
68862,0,
78254,0,
80717,0,
82652,0,
84008,0,
101260,0,
103862,0,
135313,0,
151868,0,
155455,0,
159886,0,
192804,0,
207006,0,
210592,0,
214931,0,
252052,0,
266631,0,
266666,0,
272731,0,
292048,0,
292049,0,
304486,0,
314573,0,
318099,0,
2695,0,
16717,0,
25585,0,
46867,0,
49372,0,
65633,0,
75412,0,
83980,0,
85817,0,
98550,0,
105734,0,
135305,0,
139402,0,
172601,0,
173532,0,
209642,0,
222488,0,
241218,0,
260019,0,
289703,0,
306318,0,
306928,0,
309807,0,
315995,0,
2399,0,
33263,0,
43299,0,
56339,0,
79067,0,
84700,0,
89397,0,
90417,0,
102136,0,
110664,0,
131791,0,
153739,0,
161986,0,
164749,0,
168669,0,
171161,0,
182850,0,
194537,0,
215206,0,
241032,0,
243297,0,
248016,0,
257519,0,
287761,0,
301375,0,
309309,0,
314762,0,
318098,0,
1946,0,
6891,0,
37006,0,
40696,0,
47657,0,
50389,0,
56080,0,
72979,0,
80745,0,
88809,0,
106102,0,
108006,0,
121823,0,
122317,0,
122318,0,
127526,0,
127644,0,
128093,0,
130025,0,
137484,0,
158217,0,
195866,0,
207152,0,
209643,0,
226753,0,
227069,0,
246045,0,
269070,0,
275609,0,
280573,0,
281532,0,
318074,0,
318103,0,
7947,0,
9686,0,
21567,0,
36331,0,
47899,0,
74945,0,
82651,0,
84007,0,
91298,0,
91616,0,
99142,0,
117486,0,
121550,0,
126880,0,
130381,0,
139407,0,
151746,0,
173805,0,
181736,0,
181933,0,
245992,0,
248116,0,
254981,0,
263264,0,
265407,0,
272463,0,
299304,0,
307610,0,
324479,0,
27138,0,
38549,0,
52619,0,
55275,0,
59528,0,
65428,0,
65429,0,
83981,0,
90536,0,
91324,0,
100542,0,
104821,0,
110662,0,
122508,0,
122640,0,
124640,0,
131576,0,
133968,0,
138949,0,
141812,0,
152262,0,
166758,0,
173737,0,
183115,0,
236462,0,
248930,0,
254299,0,
265179,0,
274398,0,
279399,0,
287762,0,
23614,0,
39145,0,
53305,0,
58726,0,
80104,0,
95600,0,
108191,0,
110660,0,
117723,0,
134956,0,
169713,0,
172380,0,
179109,0,
241222,0,
248017,0,
254711,0,
257206,0,
266835,0,
275440,0,
289771,0,
304204,0,
309990,0,
318095,0,
8830,0,
11148,0,
21243,0,
24585,0,
25668,0,
49466,0,
83079,0,
89148,0,
127683,0,
130422,0,
131116,0,
133753,0,
138501,0,
140468,0,
144405,0,
147082,0,
162389,0,
184669,0,
184691,0,
186502,0,
192926,0,
204910,0,
216262,0,
219851,0,
270504,0,
285872,0,
286721,0,
287175,0,
289986,0,
301267,0,
309310,0,
8826,0,
24584,0,
55272,0,
95197,0,
102138,0,
106489,0,
112303,0,
135316,0,
135343,0,
148529,0,
161985,0,
192899,0,
202393,0,
208993,0,
242774,0,
247515,0,
265180,0,
265408,0,
268516,0,
279444,0,
281539,0,
295855,0,
309308,0,
318101,0,
14531,0,
46904,0,
55213,0,
79069,0,
82147,0,
84323,0,
85814,0,
89055,0,
94940,0,
98549,0,
100815,0,
102137,0,
115743,0,
122509,0,
122636,0,
125335,0,
125370,0,
146805,0,
168047,0,
204914,0,
205052,0,
221014,0,
272651,0,
292047,0,
309628,0,
320134,0,
1548,0,
8025,0,
25381,0,
28688,0,
73170,0,
110663,0,
115579,0,
138407,0,
146650,0,
147100,0,
166441,0,
190042,0,
193767,0,
207135,0,
229404,0,
250335,0,
274713,0,
275607,0,
279080,0,
319012,0,
8124,0,
9685,0,
21765,0,
24750,0,
52621,0,
68569,0,
74194,0,
86748,0,
112528,0,
119870,0,
133017,0,
136521,0,
163444,0,
168441,0,
211411,0,
246047,0,
254296,0,
274029,0,
277719,0,
287529,0,
297106,0,
318127,0,
8773,0,
15627,0,
49379,0,
56117,0,
61738,0,
62553,0,
67588,0,
85802,0,
94160,0,
108838,0,
120914,0,
122639,0,
138502,0,
138947,0,
159885,0,
169739,0,
204434,0,
204912,0,
214799,0,
218846,0,
245753,0,
266829,0,
273241,0,
279448,0,
294785,0,
308992,0,
318017,0,
318100,0,
322245,0,
11167,0,
14527,0,
14621,0,
20134,0,
23078,0,
24550,0,
47243,0,
79962,0,
105093,0,
108015,0,
109579,0,
117673,0,
118038,0,
120915,0,
147778,0,
153734,0,
160117,0,
160276,0,
163270,0,
191438,0,
202390,0,
203048,0,
233590,0,
234895,0,
252305,0,
260109,0,
265639,0,
278912,0,
279446,0,
301374,0,
317622,0,
318072,0,
9723,0,
10759,0,
16871,0,
23615,0,
25628,0,
46062,0,
47473,0,
74965,0,
84701,0,
123633,0,
133444,0,
144407,0,
174489,0,
237144,0,
238112,0,
242564,0,
242828,0,
250122,0,
251974,0,
254108,0,
280398,0,
285398,0,
294121,0,
295848,0,
301499,0,
305763,0,
325324,0,
8948,0,
9687,0,
12631,0,
14214,0,
20656,0,
44270,0,
49399,0,
49451,0,
54629,0,
89056,0,
97022,0,
112305,0,
114387,0,
127025,0,
127400,0,
147382,0,
151876,0,
152943,0,
200962,0,
228855,0,
233392,0,
252304,0,
263558,0,
269071,0,
275608,0,
276509,0,
279959,0,
286720,0,
299284,0,
307611,0,
314004,0,
317623,0,
324478,0,
657,0,
10491,0,
15444,0,
23613,0,
24749,0,
40272,0,
41119,0,
46733,0,
55208,0,
60515,0,
80660,0,
85816,0,
105089,0,
110665,0,
130023,0,
130955,0,
146005,0,
151713,0,
163963,0,
179111,0,
195571,0,
207136,0,
209692,0,
219854,0,
227594,0,
241223,0,
274399,0,
280399,0,
291776,0,
319534,0,
1633,0,
5097,0,
23400,0,
32939,0,
65223,0,
85846,0,
88483,0,
96536,0,
112527,0,
119871,0,
130022,0,
164565,0,
181737,0,
195040,0,
202391,0,
217950,0,
220675,0,
222601,0,
236465,0,
241219,0,
265343,0,
270505,0,
291777,0,
311550,0,
318096,0,
318097,0,
3766,0,
15445,0,
18259,0,
47458,0,
69062,0,
72604,0,
81186,0,
82148,0,
84543,0,
108571,0,
122696,0,
123632,0,
124641,0,
143492,0,
158172,0,
163964,0,
175818,0,
192927,0,
234098,0,
235177,0,
241220,0,
252469,0,
254111,0,
255607,0,
276857,0,
297293,0,
311555,0,
314005,0,
314572,0,
315461,0,
7518,0,
34844,0,
67034,0,
79068,0,
83472,0,
84699,0,
85847,0,
122461,0,
123111,0,
128978,0,
131575,0,
131773,0,
132332,0,
136891,0,
138970,0,
227904,0,
238848,0,
245458,0,
246020,0,
247514,0,
257520,0,
269172,0,
274568,0,
274715,0,
275606,0,
287629,0,
289230,0,
297530,0,
328358,0,
329465,0,
332266,0,
328752,0,
342059,0,
334752,0,
330941,0,
334047,0,
334080,0,
335601,0,
342279,0,
329464,0,
331041,0,
334253,0,
327520,0,
334404,0,
341808,0,
332265,0,
342058,0,
327707,0,
330188,0,
333419,0,
342060,0,
343586,0,
331445,0,
334751,0,
334402,0,
342057,0,
341179,0,
327861,0,
328357,0,
334046,0,
344038,0,
328173,0,
331332,0,
342280,0,
327521,0,
338185,0,
339894,0,
343584,0,
328592,0,
331794,0,
335622,0,
337437,0,
327522,0,
328591,0,
330245,0,
331446,0,
331793,0,
330244,0,
331040,0,
334403,0,
327708,0,
330189,0,
331331,0,
328174,0,
332267,0,
336117,0,
334945,0,
342281,0,
339895,0,
343505,0,
343587,0,
333418,0,
333692,0,
337438,0,
358411,0,
346625,0,
355909,0,
347871,0,
347873,0,
349237,0,
353555,0,
356284,0,
349236,0,
359782,0,
349250,0,
348457,0,
358869,0,
347872,0,
357754,0,
355539,0,
360475,0,
353556,0,
351382,0,
348192,0,
355536,0,
345243,0,
346627,0,
357756,0,
345408,0,
349748,0,
351239,0,
355534,0,
349234,0,
349507,0,
351381,0,
355535,0,
356059,0,
349235,0,
346979,0,
346980,0,
358870,0,
345242,0,
358380,0,
346626,0,
348614,0,
353081,0,
359781,0,
349252,0,
349749,0,
353080,0,
357755,0,
351240,0,
359780,0,
376675,0,
376677,0,
371899,0,
365957,0,
376674,0,
366327,0,
368551,0,
364573,0,
375873,0,
376676,0,
365956,0,
370216,0,
370334,0,
376515,0,
361101,0,
361100,0,
364098,0,
368310,0,
368773,0,
368774,0,
376514,0,
370107,0,
366326,0,
366624,0,
370105,0,
367372,0,
369354,0,
371900,0,
362105,0,
366700,0,
374247,0,
368275,0,
368775,0,
368776,0,
370215,0,
371898,0,
374246,0,
377110,0,
366622,0,
366932,0,
368769,0,
368770,0,
368893,0,
370106,0,
368892,0,
368777,0,
368778,0,
370104,0,
370335,0,
365904,0,
366623,0,
370333,0,
375874,0,
366717,0,
368771,0,
368772,0,
380762,0,
384829,0,
393815,0,
380333,0,
390310,0,
394312,0,
379167,0,
380703,0,
389148,0,
380953,0,
381982,0,
383506,0,
383503,0,
389147,0,
388921,0,
378238,0,
391482,0,
377564,0,
378239,0,
380334,0,
384828,0,
391164,0,
378588,0,
390398,0,
387078,0,
387079,0,
382014,0,
383635,0,
385001,0,
386231,0,
380684,0,
380761,0,
386415,0,
390129,0,
394311,0,
378240,0,
381981,0,
383505,0,
385185,0,
387077,0,
390237,0,
386416,0,
388920,0,
380952,0,
387037,0,
390130,0,
390320,0,
390321,0,
378587,0,
383504,0,
385002,0,
388580,0,
391483,0,
380685,0,
381405,0,
390238,0,
390397,0,
400772,0,
403247,0,
395105,0,
395599,0,
403408,0,
405220,0,
403407,0,
401728,0,
403406,0,
397629,0,
405342,0,
410822,0,
397485,0,
397526,0,
398417,0,
397010,0,
398471,0,
406916,0,
405219,0,
397011,0,
397012,0,
404828,0,
404829,0,
400890,0,
401176,0,
409364,0,
409365,0,
400771,0,
403185,0,
403214,0,
408388,0,
401729,0,
403319,0,
403184,0,
403318,0,
409366,0,
409367,0,
408387,0,
401177,0,
397484,0,
407230,0,
401178,0,
396230,0,
398172,0,
402846,0,
401157,0,
403983,0,
405343,0,
407229,0,
401179,0,
404151,0,
405392,0,
395106,0,
415345,0,
426246,0,
420796,0,
426244,0,
422248,0,
418305,0,
420597,0,
422179,0,
425722,0,
426881,0,
426040,0,
419470,0,
427722,0,
424819,0,
426041,0,
412088,0,
415346,0,
419884,0,
414855,0,
420369,0,
426699,0,
414100,0,
418304,0,
426880,0,
425331,0,
412089,0,
424985,0,
426039,0,
428158,0,
426972,0,
420596,0,
425332,0,
426698,0,
428157,0,
416439,0,
418735,0,
425333,0,
412090,0,
420370,0,
426245,0,
425723,0,
432416,0,
428650,0,
437618,0,
438161,0,
441127,0,
432936,0,
437616,0,
438163,0,
431704,0,
428267,0,
432938,0,
428929,0,
434446,0,
434445,0,
441476,0,
432935,0,
443031,0,
440647,0,
430965,0,
441817,0,
442578,0,
428651,0,
435298,0,
433342,0,
435840,0,
441475,0,
442363,0,
436202,0,
441128,0,
429287,0,
442682,0,
432956,0,
433262,0,
437617,0,
435699,0,
438162,0,
432415,0,
429329,0,
432134,0,
433716,0,
433343,0,
442412,0,
444468,1,GATHER-SCATTER
430964,0,
435286,0,
437619,0,
439512,0,
441816,0,
429247,0,
431688,0,
428668,0,
451211,0,
453511,0,
458809,0,
461520,0,
453002,0,
451430,0,
453085,0,
454234,0,
458775,0,
451820,0,
458643,0,
449226,0,
451212,0,
458461,0,
452395,0,
453495,0,
460796,0,
450275,0,
452513,0,
453510,0,
458462,0,
458626,0,
449338,0,
449582,0,
460882,0,
457571,0,
460476,0,
455903,0,
454173,0,
454826,0,
458961,0,
446182,0,
453868,0,
460883,0,
451819,0,
452396,0,
455519,0,
455902,0,
449228,0,
451431,0,
453494,0,
459439,0,
458891,0,
458776,0,
446181,0,
449583,0,
453001,0,
454806,0,
449227,0,
454804,0,
457570,0,
450678,0,
458644,0,
458890,0,
452514,0,
458892,0,
450679,0,
456208,0,
458962,0,
454805,0,
457692,0,
463127,0,
466100,0,
466675,0,
468381,0,
468494,0,
468761,0,
465215,0,
472721,0,
463129,0,
466676,0,
465271,0,
469980,0,
473053,0,
463130,0,
468194,0,
468493,0,
468760,0,
461889,0,
468495,0,
469478,0,
471208,0,
466101,0,
470604,0,
473667,0,
466286,0,
468758,0,
464902,0,
477796,1,FAN-IN
468762,0,
469001,0,
469982,0,
462626,0,
468759,0,
469479,0,
466287,0,
465298,0,
469981,0,
477244,0,
468193,0,
463128,0,
469480,0,
465214,0,
464901,0,
478553,0,
478969,0,
486293,0,
484571,0,
481383,0,
481954,0,
487506,0,
486897,0,
488625,0,
493870,0,
478891,0,
479468,0,
483495,0,
484721,0,
488768,0,
489939,0,
480656,0,
492672,0,
478968,0,
484569,0,
484570,0,
488627,0,
480654,0,
494105,0,
486775,0,
487507,0,
489439,0,
494174,0,
484399,0,
486766,0,
493871,0,
478892,0,
486767,0,
487508,0,
479005,0,
494443,0,
484044,0,
489938,0,
481955,0,
486292,0,
487866,0,
490365,0,
481953,0,
479374,0,
485600,0,
479375,0,
481209,0,
486071,0,
488626,0,
479557,0,
480174,0,
484722,0,
490806,0,
481384,0,
489438,0,
484400,0,
484572,0,
490807,0,
479006,0,
481587,0,
486149,0,
486012,0,
510910,0,
495652,0,
498689,0,
507410,0,
500502,0,
505691,0,
510858,0,
501336,0,
503085,0,
506731,0,
508861,0,
510908,0,
507558,0,
500095,0,
506732,0,
505531,0,
501769,0,
510909,0,
500503,0,
495653,0,
496928,0,
507000,0,
510907,0,
510911,0,
499054,0,
499486,0,
502636,0,
500156,0,
508324,0,
498437,0,
498632,0,
501710,0,
508859,0,
501708,0,
501709,0,
500157,0,
495651,0,
507001,0,
508860,0,
510859,0,
495677,0,
504250,0,
499053,0,
506944,0,
510445,0,
499055,0,
505530,0,
506943,0,
508325,0,
502637,0,
514243,0,
515836,0,
520167,0,
512446,0,
526220,0,
518773,0,
519522,0,
525733,0,
527466,0,
514619,0,
520166,0,
524299,0,
524989,0,
512931,0,
518772,0,
527087,0,
518770,0,
524988,0,
523876,0,
527086,0,
514618,0,
518771,0,
524235,0,
519239,0,
516741,0,
522106,0,
511610,0,
515835,0,
518493,0,
524298,0,
528067,0,
521802,0,
513031,0,
514084,0,
526221,0,
527088,0,
523200,0,
527467,0,
511611,0,
512714,0,
528066,0,
512447,0,
521195,0,
524482,0,
523199,0,
527716,0,
511612,0,
523435,0,
528561,0,
533211,0,
532555,0,
532042,0,
532043,0,
544811,0,
529274,0,
532557,0,
529106,0,
534970,0,
543820,0,
529107,0,
532752,0,
533215,0,
542163,0,
539656,0,
528719,0,
532556,0,
533213,0,
529108,0,
529772,0,
541175,0,
539266,0,
530329,0,
530330,0,
530331,0,
530332,0,
541174,0,
543819,0,
535010,0,
529109,0,
533212,0,
535009,0,
545062,1,RANDOM
541758,0,
544825,0,
528718,0,
531388,0,
544823,0,
531242,0,
535124,0,
543393,0,
544824,0,
543394,0,
528560,0,
530065,0,
535008,0,
533214,0,
532554,0,
558012,0,
560469,0,
545986,0,
548801,0,
545988,0,
549073,0,
548356,0,
550059,0,
553007,0,
546987,0,
553836,0,
552557,0,
556832,0,
561768,0,
554104,0,
554276,0,
556268,0,
552586,0,
553835,0,
560470,0,
562335,0,
548800,0,
552795,0,
555688,0,
555897,0,
558011,0,
548647,0,
552794,0,
553008,0,
554105,0,
555896,0,
561767,0,
546982,0,
546981,0,
555457,0,
553921,0,
545774,0,
549074,0,
547537,0,
554120,0,
554121,0,
550308,0,
552556,0,
553647,0,
550060,0,
561766,0,
560471,0,
546980,0,
548355,0,
554005,0,
553094,0,
561896,0,
556831,0,
545987,0,
557785,0,
571510,0,
572110,0,
562935,0,
568806,0,
568961,0,
575845,0,
578296,0,
563524,0,
567871,0,
576815,0,
563261,0,
570817,0,
566006,0,
567328,0,
562796,0,
569903,0,
572068,0,
572069,0,
576813,0,
576814,0,
574348,0,
564942,0,
567327,0,
572067,0,
574346,0,
575313,0,
562934,0,
563159,0,
565902,0,
571142,0,
576861,0,
576870,0,
562779,0,
562795,0,
563158,0,
568250,0,
568805,0,
572029,0,
576311,0,
576351,0,
564880,0,
566011,0,
569941,0,
571511,0,
573748,0,
569904,0,
571140,0,
575844,0,
565091,0,
575312,0,
562933,0,
565090,0,
567870,0,
574347,0,
562794,0,
575107,0,
575311,0,
578295,0,
578428,0,
578117,0,
572030,0,
576350,0,
578297,0,
566005,0,
566012,0,
574428,0,
575108,0,
573503,0,
576860,0,
570818,0,
571141,0,
572111,0,
578116,0,
578429,0,
587901,0,
579881,0,
582936,0,
585777,0,
583380,0,
581840,0,
587900,0,
579882,0,
582770,0,
594032,0,
584561,0,
579883,0,
586148,0,
586447,0,
594033,0,
585776,0,
594877,0,
583379,0,
588618,0,
590721,0,
579909,0,
586149,0,
587287,0,
587902,0,
590722,0,
583423,0,
581206,0,
589994,0,
579880,0,
587523,0,
595410,0,
582937,0,
586446,0,
590723,0,
591910,0,
590720,0,
588568,0,
588619,0,
594890,0,
583422,0,
595313,1,FAN-IN
599352,0,
610978,0,
602663,0,
598179,0,
602563,0,
608663,0,
598135,0,
605070,0,
607016,0,
608658,0,
596901,0,
598133,0,
599220,0,
603511,0,
609745,0,
609953,0,
596732,0,
610021,0,
598134,0,
605203,0,
596731,0,
602800,0,
609717,0,
599725,0,
602562,0,
599219,0,
603510,0,
605201,0,
608560,0,
602664,0,
599448,0,
603500,0,
600230,0,
605204,0,
608559,0,
612402,0,
612466,0,
605202,0,
599353,0,
598278,0,
608659,0,
608322,0,
610020,0,
607868,0,
598277,0,
612403,0,
612465,0,
597655,1,
599726,0,
600229,0,
625700,0,
613031,0,
624419,0,
625599,0,
623719,0,
618150,0,
621125,0,
626609,0,
623339,0,
625773,0,
625701,0,
615552,0,
619281,0,
619282,1,CYCLE
620426,0,
625699,0,
613030,0,
618251,0,
624007,0,
618781,0,
621746,0,
620311,0,
625057,0,
625598,0,
619624,0,
615223,0,
619785,0,
621860,0,
622184,0,
622185,0,
616096,0,
617488,0,
618149,0,
618252,0,
620237,0,
620312,0,
624006,0,
624420,0,
626608,0,
613032,0,
623718,0,
625597,0,
627847,0,
618548,0,
620313,0,
624274,0,
617487,0,
620427,0,
621861,0,
638509,0,
643122,0,
634958,0,
635346,0,
629437,0,
631779,0,
634956,0,
644799,0,
629555,0,
638085,0,
641549,0,
635949,0,
639587,0,
642308,0,
645013,0,
629008,0,
634286,0,
636336,0,
642309,0,
629009,0,
629278,0,
634285,0,
639239,0,
644504,0,
643121,0,
637933,0,
641548,0,
633494,0,
639240,0,
642307,0,
630305,0,
633495,0,
630180,0,
630181,0,
641790,0,
629556,0,
630836,0,
640141,0,
630974,0,
634957,0,
632097,0,
634284,0,
637387,0,
639241,0,
629438,0,
632099,0,
635345,0,
630304,0,
637934,0,
643631,0,
645678,0,
649255,0,
653143,0,
653950,0,
660176,0,
660175,0,
645418,0,
652155,0,
654038,0,
650730,0,
646502,0,
646504,0,
648138,0,
653949,0,
660013,0,
646444,0,
659283,0,
659284,0,
650241,0,
656325,0,
649256,0,
654956,0,
646443,0,
649871,0,
652036,0,
655097,0,
650240,0,
653951,0,
658376,0,
655958,0,
657469,0,
646659,0,
646660,0,
645677,0,
646240,0,
646411,0,
652803,0,
654039,0,
646701,0,
646241,0,
646410,0,
652035,0,
655959,0,
660194,0,
648880,0,
650731,0,
646700,0,
646503,0,
650472,0,
656326,0,
648137,0,
646661,0,
646662,0,
648879,0,
649860,0,
649870,0,
669362,0,
678341,0,
677284,0,
677892,0,
664872,0,
675744,0,
662989,0,
672028,0,
663130,0,
664871,0,
664557,0,
666259,0,
675735,0,
678759,0,
666260,0,
666622,0,
670063,0,
670384,0,
666387,0,
666669,0,
669471,0,
671712,0,
672029,0,
664715,0,
664716,0,
670262,0,
675743,0,
666388,0,
678342,0,
675745,0,
675856,0,
676587,0,
670385,0,
678760,0,
663132,0,
670132,0,
673185,0,
677285,0,
664870,0,
674443,0,
675129,0,
663129,0,
663131,0,
670133,0,
664869,0,
666621,0,
670064,0,
676586,0,
687362,0,
687810,0,
690551,0,
693852,0,
683631,0,
687196,0,
689132,0,
693045,0,
695391,0,
619283,1,CYCLE
682269,0,
687743,0,
691071,0,
680813,0,
693144,0,
679365,0,
689133,0,
694186,0,
684006,0,
685270,0,
693702,0,
687738,0,
690444,0,
686638,0,
687812,0,
680161,0,
684007,0,
687734,0,
685269,0,
691121,0,
692901,0,
690552,0,
692902,0,
684834,0,
687735,0,
687742,0,
691058,0,
695390,0,
679364,0,
684835,0,
687737,0,
694902,0,
690445,0,
690805,0,
693143,0,
684008,0,
682608,0,
689153,0,
691122,0,
692900,0,
680160,0,
687811,0,
694425,0,
695389,0,
687736,0,
687741,0,
686434,0,
686482,0,
687361,0,
682306,0,
702889,0,
708320,0,
708526,0,
708940,0,
711993,0,
698284,0,
706877,0,
709633,0,
702888,0,
706871,0,
708525,0,
708346,0,
701143,0,
706847,0,
708319,0,
696965,0,
704533,0,
708528,0,
708941,0,
708594,0,
696171,0,
708527,0,
711092,0,
703631,0,
706878,0,
696124,0,
698716,0,
701142,0,
698717,0,
696172,0,
708321,0,
712858,0,
708347,0,
703632,0,
708458,0,
708593,0,
696964,0,
697255,0,
701102,0,
706869,0,
711091,0,
696123,0,
708345,0,
711994,0,
710190,0,
701144,0,
703427,0,
701746,0,
708939,0,
698283,0,
705334,0,
706870,0,
708459,0,
712991,0,
716860,0,
724307,0,
728423,0,
715153,0,
725215,0,
721544,0,
724447,0,
725214,0,
726485,0,
726954,0,
727394,0,
727395,0,
718767,0,
728258,0,
718239,0,
726670,0,
728425,0,
715152,0,
722336,0,
724308,0,
727066,0,
727392,0,
727393,0,
717455,0,
718595,0,
727067,0,
714659,0,
728424,0,
712927,0,
719322,0,
721546,0,
726953,0,
722911,0,
716859,0,
724455,0,
714838,0,
726484,0,
714648,0,
714646,0,
714839,0,
728257,0,
721545,0,
724446,0,
727174,0,
714647,0,
714649,0,
716858,0,
716019,0,
723070,0,
727173,0,
716018,0,
727068,0,
722337,0,
726529,0,
724309,0,
726530,0,
727390,0,
727391,0,
718238,0,
718766,0,
719321,0,
732355,0,
737289,0,
735906,0,
736509,0,
736510,0,
730725,0,
743263,0,
730727,0,
730934,0,
732000,0,
738814,0,
743261,0,
743262,0,
731382,0,
740468,0,
730933,0,
730726,0,
738343,0,
740469,0,
743192,0,
743410,0,
744976,0,
730888,0,
745338,0,
731999,0,
735907,0,
734784,0,
738526,0,
734844,0,
739891,0,
738342,0,
741556,0,
742288,0,
730357,0,
740712,0,
732710,0,
735430,0,
739890,0,
741555,0,
745309,0,
733867,0,
739892,0,
740711,0,
730935,0,
745308,0,
731274,0,
736511,0,
736512,0,
734510,0,
734845,0,
748906,0,
751033,0,
752777,0,
758463,0,
748326,0,
749865,0,
752575,0,
748327,0,
748415,0,
749864,0,
751336,0,
756045,0,
760069,0,
749863,0,
754999,0,
749675,0,
750953,0,
762653,0,
747199,0,
752861,0,
753742,0,
752574,0,
753417,0,
757874,0,
747197,0,
747526,0,
748416,0,
748905,0,
750951,0,
757650,0,
758692,0,
759113,0,
749284,0,
758559,0,
752778,0,
756290,0,
762650,0,
751334,0,
753009,0,
762038,0,
747527,0,
749220,0,
751034,0,
747198,0,
748417,0,
749676,0,
752096,0,
757780,0,
758862,0,
747147,0,
757873,0,
759919,0,
753707,0,
756044,0,
762651,0,
749674,0,
751335,0,
751524,0,
758464,0,
749283,0,
750950,0,
750952,0,
752573,0,
757779,0,
762652,0,
749221,0,
750333,0,
750485,0,
758863,0,
748418,0,
751815,0,
750332,0,
753418,0,
747525,0,
753741,0,
753008,0,
754998,0,
760070,0,
761617,0,
767027,0,
777942,0,
779170,0,
764040,0,
769719,0,
775996,0,
767827,0,
770684,0,
775693,0,
778162,0,
764039,0,
766912,0,
767326,0,
766922,0,
775406,0,
764993,1,
767713,0,
769828,0,
770842,0,
777062,0,
775502,0,
777941,0,
778521,0,
766923,0,
772727,0,
772728,0,
779664,0,
775474,0,
775475,0,
769974,0,
770170,0,
775390,0,
767026,0,
769827,0,
777061,0,
775310,0,
764038,0,
767327,0,
763264,0,
776981,0,
767826,0,
774366,0,
778520,0,
778522,0,
767828,0,
776109,0,
779193,0,
769830,0,
775391,0,
770169,0,
775311,0,
779171,0,
769829,0,
772713,0,
775503,0,
772725,0,
772726,0,
764037,0,
775389,0,
778114,0,
779665,0,
763158,0,
763883,0,
769720,0,
769973,0,
770841,0,
777060,0,
779192,0,
779663,0,
792236,0,
792259,0,
792924,0,
793732,0,
782665,0,
792235,0,
792258,0,
780752,0,
785363,0,
887449,1,GATHER-SCATTER
793702,0,
794689,0,
796152,0,
780727,0,
794690,0,
782323,0,
785364,0,
786029,0,
794828,0,
782326,0,
784646,0,
792180,0,
793733,0,
795697,0,
782157,0,
786541,0,
792260,0,
794208,0,
795696,0,
784647,0,
790124,0,
782205,0,
785362,0,
786542,0,
792622,0,
796166,0,
794827,0,
782666,0,
787261,0,
796151,0,
793229,0,
782324,0,
793703,0,
786028,0,
794688,0,
782325,0,
790123,0,
796150,0,
788345,0,
796100,0,
803234,0,
804557,0,
811496,0,
797105,0,
799098,0,
800100,0,
809524,0,
811804,0,
804272,0,
803235,0,
812557,0,
797106,0,
804558,0,
804883,0,
806760,0,
811266,0,
798151,0,
803233,0,
804111,0,
807143,0,
811269,0,
812558,0,
807451,0,
804009,0,
810122,0,
804251,0,
811265,0,
808863,0,
804559,0,
807674,0,
808865,0,
797881,0,
804273,0,
807675,0,
808866,0,
809523,0,
811497,0,
799097,0,
807144,0,
801182,0,
811498,0,
806717,0,
812559,0,
797055,0,
800058,0,
800101,0,
808862,0,
808864,0,
809400,0,
799168,0,
800057,0,
806718,0,
803073,0,
811703,0,
814539,0,
826844,0,
822294,0,
823966,0,
824203,0,
825387,0,
814866,0,
813342,0,
821112,0,
822295,0,
826887,0,
827157,0,
828838,0,
829648,1,FAN-IN
819751,0,
827658,0,
828390,0,
818245,0,
825388,0,
817908,0,
828233,0,
828939,0,
816071,0,
819706,0,
825701,0,
820473,0,
828232,0,
819464,0,
825702,0,
826047,0,
828836,0,
820472,0,
826885,0,
819166,0,
814865,0,
819704,0,
820980,0,
814544,0,
818859,0,
821158,0,
826886,0,
818246,0,
821295,0,
820976,0,
826843,0,
822296,0,
828231,0,
828837,0,
818860,0,
819705,0,
817907,0,
819223,0,
820978,0,
822293,0,
834513,0,
835869,0,
836639,0,
840331,0,
841167,0,
846527,0,
832859,0,
842593,0,
846378,0,
832945,0,
841166,0,
842349,0,
846622,0,
845944,0,
838111,0,
842594,0,
842677,0,
844331,0,
832973,0,
840013,0,
842676,0,
844332,0,
846102,0,
832415,0,
836640,0,
835680,0,
845945,0,
830346,0,
832414,0,
840831,0,
843155,0,
840014,0,
831809,0,
841092,0,
846432,0,
830616,0,
835679,0,
837595,0,
838112,0,
846059,0,
846431,0,
846526,0,
840282,0,
840332,0,
832974,0,
837594,0,
841093,0,
842248,0,
842678,0,
842247,0,
830615,0,
840281,0,
841094,0,
845727,0,
846625,0,
846379,0,
851526,0,
854264,0,
848944,0,
851091,0,
858960,0,
853548,0,
854052,0,
858961,0,
859373,0,
851090,0,
854054,0,
859605,0,
847176,0,
853549,0,
858478,0,
858848,0,
858885,0,
847175,0,
855902,0,
862657,0,
853550,0,
856354,0,
851924,0,
853303,0,
854104,0,
857634,0,
857710,0,
858832,0,
851368,0,
853302,0,
851923,0,
855199,0,
848124,0,
852536,0,
863005,0,
854053,0,
848942,0,
853369,0,
855732,0,
857711,0,
861455,0,
853370,0,
848125,0,
853182,0,
853835,0,
854265,0,
856355,0,
858884,0,
848022,0,
848941,0,
852535,0,
851527,0,
853319,0,
848943,0,
857635,0,
858833,0,
859606,0,
869548,0,
869135,0,
870812,0,
874172,0,
869136,0,
874862,0,
877807,0,
877918,0,
863729,0,
869549,0,
875739,0,
865624,0,
876640,0,
879691,0,
879693,0,
870811,0,
875924,0,
873334,0,
875835,0,
873855,0,
874489,0,
875738,0,
879692,0,
869134,0,
871614,0,
868542,0,
869133,0,
865625,0,
868175,0,
868240,0,
874488,0,
876548,0,
876985,0,
868239,0,
868543,0,
876204,0,
876205,0,
864696,0,
867409,0,
870810,0,
871019,0,
873856,0,
877806,0,
875708,0,
876629,0,
880786,0,
891232,0,
896264,0,
885838,0,
888198,0,
881822,0,
889172,0,
893726,0,
880901,0,
883244,0,
889838,0,
896263,0,
880850,0,
882253,0,
885663,0,
893064,0,
894827,0,
884001,0,
885662,0,
885775,0,
890403,0,
896322,0,
885837,0,
895698,0,
883241,0,
890717,0,
880784,0,
883142,0,
894407,0,
896262,0,
883947,0,
885665,0,
885666,0,
894828,0,
884437,0,
885836,0,
895699,0,
885664,0,
894871,0,
883946,0,
894406,0,
894571,0,
889859,0,
890716,0,
890718,0,
896260,0,
896261,0,
887448,1,GATHER-SCATTER
883124,0,
880900,0,
882254,0,
880785,0,
883243,0,
886798,0,
880783,0,
883242,0,
900493,0,
909403,0,
898709,0,
900492,0,
911596,0,
911597,0,
907621,0,
904365,0,
903315,0,
898203,0,
903399,0,
910250,0,
903400,0,
904715,0,
903314,0,
909617,0,
913003,0,
913004,0,
898194,0,
904261,0,
904569,0,
910370,0,
901926,0,
901927,0,
903508,0,
899448,0,
901928,0,
904366,0,
899537,0,
912593,0,
902689,0,
910905,0,
897620,0,
904716,0,
909404,0,
912974,0,
910369,0,
897621,0,
899536,0,
904570,0,
904426,0,
910906,0,
912343,0,
898204,0,
903509,0,
897592,0,
906727,0,
914987,0,
915597,0,
925845,0,
914989,0,
919711,0,
920479,0,
921509,0,
925024,0,
916479,0,
920478,0,
925408,0,
925883,0,
925023,0,
930125,0,
921894,0,
925011,0,
923382,0,
925367,0,
925369,0,
925885,0,
919712,0,
922653,0,
925010,0,
925843,0,
925844,0,
917352,0,
925454,0,
920850,0,
923299,0,
916480,0,
914988,0,
926113,0,
920851,0,
925884,0,
926112,0,
914202,0,
928066,0,
928529,0,
929995,0,
929996,0,
930374,0,
925368,0,
932527,0,
933282,0,
937231,0,
946704,0,
932545,0,
933639,0,
933927,0,
937845,0,
943668,0,
941087,0,
944807,0,
945226,0,
945227,0,
934941,0,
933281,0,
933754,0,
934940,0,
933752,0,
940240,0,
941291,0,
939086,0,
945228,0,
946132,0,
946974,0,
933753,0,
943667,0,
939085,0,
934088,1,
934554,0,
937232,0,
933640,0,
933856,0,
946975,0,
934351,0,
937069,0,
942656,0,
946356,0,
942657,0,
932544,0,
937111,0,
937230,0,
937846,0,
946133,0,
942720,0,
948155,0,
953820,0,
958093,0,
958502,0,
963449,0,
950177,0,
951638,0,
961981,0,
949452,0,
961982,0,
949451,0,
952545,0,
961858,0,
952543,0,
955285,0,
958501,0,
963450,0,
963451,0,
952544,0,
955932,0,
956282,0,
948203,0,
963448,0,
951681,0,
953561,0,
961362,0,
962691,0,
956283,0,
959159,0,
947567,0,
953976,0,
960221,0,
953975,0,
954424,0,
958094,0,
963452,0,
948342,0,
953794,0,
951639,0,
953396,0,
953560,0,
953563,0,
958503,0,
961857,0,
951682,0,
953310,0,
948154,0,
953311,0,
961363,0,
962057,0,
957460,0,
953793,0,
958504,0,
962055,0,
949450,0,
963641,0,
948153,0,
957459,0,
961364,0,
949602,0,
318129,1,GATHER-SCATTER
953309,0,
962056,0,
953395,0,
956956,0,
960222,0,
953562,0,
964444,0,
970875,0,
970876,0,
972824,0,
975229,0,
970874,0,
974930,0,
972823,0,
978892,0,
965829,0,
977794,0,
966279,0,
968294,0,
972826,0,
975929,0,
966280,0,
970810,0,
976053,0,
966078,0,
967738,0,
976315,0,
967759,0,
975970,0,
964192,0,
966570,0,
968502,0,
974065,0,
976379,0,
978894,0,
968340,0,
975228,0,
974300,0,
964191,0,
965828,0,
972825,0,
968295,0,
976316,0,
978893,0,
970403,0,
974512,0,
979855,0,
979856,0,
967508,0,
967760,0,
979574,0,
964190,0,
966743,0,
970404,0,
975930,0,
964189,0,
968339,0,
970401,0,
970402,0,
977928,0,
979857,0,
979858,0,
973345,0,
974064,0,
974931,0,
966045,0,
966079,0,
974932,0,
970572,0,
968503,0,
976314,0,
994732,0,
983920,0,
988254,0,
992433,0,
982109,0,
988534,0,
984657,0,
988255,0,
983918,0,
988225,0,
996036,0,
982661,0,
994638,0,
988296,0,
984823,0,
987412,0,
992648,0,
983919,0,
988297,0,
994731,0,
986943,0,
996037,0,
985511,0,
987833,0,
993317,0,
996939,0,
984656,0,
985512,0,
997501,0,
992649,0,
994733,0,
996937,0,
991596,0,
988732,0,
991595,0,
994730,0,
988256,0,
997502,0,
988253,0,
989695,0,
992432,0,
986944,0,
996938,0,
1002694,0,
1003808,0,
1004683,0,
1004684,0,
1000256,0,
1001140,0,
1002622,0,
1004261,0,
1012314,0,
1009189,0,
1010183,0,
1001138,0,
1001716,0,
1002623,0,
1002969,0,
1004212,0,
998950,0,
1001860,0,
1003807,0,
1010685,0,
1013112,0,
1000244,0,
1013938,0,
1000024,0,
1000642,0,
1012315,0,
1007595,0,
1004214,0,
1004970,0,
1011280,0,
998949,0,
1013940,0,
1000136,0,
1014374,0,
1014375,0,
1000279,0,
1008515,0,
1013471,0,
1013643,0,
1003809,0,
1007594,0,
1011279,0,
1011281,0,
1000023,0,
1004213,0,
1010684,0,
1013939,0,
1014037,0,
1013113,0,
999246,0,
1004262,0,
999245,0,
1002971,0,
1001139,0,
1002189,0,
998951,0,
999401,0,
1001717,0,
1010683,0,
1001124,0,
1013941,0,
1000025,0,
999402,0,
1001651,0,
1002695,0,
1002972,0,
1002970,0,
1008547,0,
1020786,0,
1015097,0,
1015792,0,
1018310,0,
1027289,0,
1017173,0,
1015938,0,
1016120,0,
1016666,0,
1017172,0,
1023836,0,
1015586,0,
1017308,0,
1016667,0,
1017847,0,
1018309,0,
1020785,0,
1023860,0,
1014770,0,
1014992,0,
1015793,0,
1019360,0,
1025820,0,
1028769,0,
1029386,0,
1015605,0,
1016886,0,
1021027,0,
1023311,0,
1025819,0,
1016869,0,
1023310,0,
1028768,0,
1017309,0,
1021061,0,
1021062,0,
1030307,0,
1015794,0,
1021025,0,
1025469,0,
1022133,0,
1021026,0,
1026583,0,
1030306,0,
1016119,0,
1019191,0,
1021568,0,
1022886,0,
1020098,0,
1023771,0,
1017575,0,
1019190,0,
1022393,0,
1021028,0,
1023312,0,
1029385,0,
1030822,0,
1015604,0,
1017914,0,
1017915,0,
1026009,0,
1019359,0,
1030747,0,
1028767,0,
1023313,0,
1020099,0,
1015098,0,
1016718,0,
1022132,0,
1030305,0,
1039772,0,
1039935,0,
1043524,0,
1031547,0,
1032904,0,
1043218,0,
1032630,0,
1039032,0,
1043615,0,
1035759,0,
1038305,0,
1039325,0,
1042395,0,
1043222,0,
1043603,0,
1033913,0,
1039774,0,
1040922,0,
1043221,0,
1038695,0,
1039741,0,
1039773,0,
1047384,0,
1043682,0,
1034094,0,
1043602,0,
1031546,0,
1032905,0,
1037107,0,
1032860,0,
1042445,0,
1040698,0,
1040920,0,
1040921,0,
1038304,0,
1032097,0,
1034223,0,
1035873,0,
1039033,0,
1042704,0,
1032095,0,
1034093,0,
1036997,0,
1039324,0,
1041504,0,
1033803,0,
1042703,0,
1043219,0,
1046824,0,
1046942,0,
1032861,0,
1035129,0,
1043220,0,
1045753,0,
1031433,0,
1035128,0,
1046635,0,
1038694,0,
1038836,0,
1039775,0,
1043074,0,
1033804,0,
1033805,0,
1042444,0,
1047048,0,
1043730,0,
1037106,0,
1032096,0,
1032631,0,
1032903,0,
1038837,0,
1039742,0,
1043553,0,
1043681,0,
1054238,0,
1049949,0,
1055648,0,
1058165,0,
1048360,0,
1048361,0,
1052018,0,
1058928,0,
1050054,0,
1060454,0,
1061295,0,
1063439,0,
1048606,0,
1062365,0,
1050526,0,
1048943,0,
1053339,0,
1053908,0,
1061716,0,
1062272,0,
1048451,0,
1050695,0,
1056030,0,
1059925,0,
1061717,0,
1048945,0,
1052016,0,
1055551,0,
1063440,0,
1048605,0,
1051451,0,
1060455,0,
1056031,0,
1057124,0,
1063477,0,
1056936,0,
1058162,0,
1048362,0,
1052017,0,
1055649,0,
1056986,0,
1053462,0,
1061718,0,
1049242,0,
1053461,0,
1054237,0,
1054671,0,
1059326,0,
1059953,0,
1063476,0,
1050694,0,
1053340,0,
1059327,0,
1062364,0,
1063485,0,
1048048,0,
1053331,0,
1057125,0,
1059711,0,
1052898,0,
1056345,0,
1058164,0,
1056441,0,
1048944,0,
1047882,0,
1048607,0,
1055550,0,
1050528,0,
1059428,0,
1061296,0,
1061715,0,
1063484,0,
1056984,0,
1060796,0,
1064048,1,FAN-IN
1050527,0,
1054450,0,
1060453,0,
1048942,0,
1054672,0,
1058163,0,
1070199,0,
1070200,0,
1065625,0,
1067196,0,
1068854,0,
1072171,0,
1075264,0,
1078529,0,
1071128,0,
1072957,0,
1067197,0,
1067339,0,
1069940,0,
1072993,0,
1076005,0,
1078528,0,
1073013,0,
1066659,0,
1067424,0,
1076450,0,
1078233,0,
1072221,0,
1072500,0,
1075634,0,
1078735,0,
1080562,0,
1064983,0,
1069450,0,
1066041,0,
1070913,0,
1074309,0,
1078814,0,
1080953,0,
1067340,0,
1069939,0,
1076873,0,
1081256,0,
1068855,0,
1074308,0,
1080561,0,
1070911,0,
1067338,0,
1068856,0,
1072168,0,
1068858,0,
1079301,0,
1079538,0,
1067187,0,
1069449,0,
1072956,0,
1065272,0,
1065626,0,
1070425,0,
1072170,0,
1079300,0,
1068857,0,
1070912,0,
1070914,0,
1072169,0,
1081255,0,
1066660,0,
1067188,0,
1067337,0,
1072959,0,
1080376,0,
1072220,0,
1077361,0,
1072958,0,
1072197,0,
1075635,0,
1079671,0,
1067423,0,
1077360,0,
1084975,0,
1082820,0,
1091016,0,
1091851,0,
1086381,0,
1091250,0,
1093701,0,
1084940,0,
1091249,0,
1092693,0,
1097662,0,
1097665,0,
1086380,0,
1091850,0,
1082578,0,
1082579,0,
1097660,0,
1085947,0,
1089818,0,
1091537,0,
1086011,0,
1090768,0,
1097049,0,
1088876,0,
1082224,0,
1089817,0,
1094632,0,
1094820,0,
1082226,0,
1089584,0,
1089815,0,
1089816,0,
1096313,0,
1086121,0,
1091455,0,
1082225,0,
1088878,0,
1093702,0,
1093605,0,
1094819,0,
1097663,0,
1082582,0,
1082583,0,
1086010,0,
1093956,0,
1094681,0,
1082580,0,
1082581,0,
1086867,0,
1093957,0,
1096315,0,
1097661,0,
1088879,0,
1089583,0,
1086009,0,
1086866,0,
1089129,0,
1090769,0,
1088278,0,
1089108,0,
1097659,0,
1086012,0,
1087108,0,
1093700,0,
1097664,0,
1088877,0,
1089558,0,
1092882,0,
1096314,0,
1108335,0,
1112406,0,
1114741,0,
1108710,0,
1114512,0,
1100847,0,
1109803,0,
1102885,0,
1112661,0,
1106935,0,
1110653,0,
1106940,0,
1108162,0,
1112662,0,
1114801,0,
1106939,0,
1098843,0,
1112523,0,
1110618,0,
1112405,0,
1100846,0,
1108336,0,
1114509,0,
1099546,0,
1103324,0,
1098842,0,
1114510,0,
1100489,0,
1114511,0,
1099236,0,
1114041,0,
1102812,0,
1103323,0,
1108078,0,
1099235,0,
1115363,0,
1102813,0,
1118209,0,
1120340,0,
1133192,0,
1137989,0,
1117856,0,
1123871,0,
1138796,0,
1144416,0,
1145260,0,
1121823,0,
1116314,0,
1117794,0,
1135022,0,
1142448,0,
1143174,0,
1145443,0,
1116535,0,
1118210,0,
1120948,0,
1130381,0,
1133207,0,
1140102,0,
1117455,0,
1127055,0,
1145431,0,
1115747,0,
1116534,0,
1119260,0,
1124837,0,
1140926,0,
1127787,0,
1128298,0,
1120774,0,
1122262,0,
1144341,0,
1121718,0,
1143231,0,
1119245,0,
1130383,0,
1131249,0,
1118947,0,
1135894,0,
1143363,0,
1129999,0,
1135893,0,
1138805,0,
1117595,0,
1121364,0,
1139664,0,
1144342,0,
1121822,0,
1133193,0,
1142465,0,
1121171,0,
1118276,0,
1124168,0,
1127056,0,
1128230,0,
1129542,0,
1138702,0,
1118548,0,
1125947,0,
1116026,0,
1117855,0,
1139665,0,
1142920,0,
1144424,0,
1140741,0,
1143362,0,
1144786,0,
1129234,0,
1129297,0,
1132687,0,
1133288,0,
1144050,0,
1143418,0,
1120947,0,
1142711,0,
1118706,0,
1130382,0,
1131842,0,
1135881,0,
1116533,0,
1123260,0,
1124167,0,
1137049,0,
628237,1,BIPARTITE
1138023,0,
1143232,0,
1119954,0,
1123259,0,
1126092,0,
1145126,0,
1116027,0,
1134819,0,
1137048,0,
1142014,0,
1143361,0,
1118946,0,
1121981,0,
1129296,0,
1147954,0,
1148702,0,
1155945,0,
1149798,0,
1153228,0,
1151375,0,
1153032,0,
1151374,0,
1153227,0,
1158048,0,
1151368,0,
1155944,0,
1158050,0,
1160364,0,
1158062,0,
1158672,0,
1159133,0,
1147970,0,
1149819,0,
1147745,0,
1150316,0,
1151549,0,
1146199,0,
1147952,0,
1158049,0,
1145850,0,
1160361,0,
1146198,0,
1147951,0,
1149124,0,
1151551,0,
1160362,0,
1147744,0,
1150314,0,
1146364,0,
1146646,0,
1159134,0,
1147953,0,
1152613,0,
1158061,0,
1146645,0,
1147743,0,
1149125,0,
1151550,0,
1151552,0,
1156312,0,
1158121,0,
1158673,0,
1149820,0,
1155943,0,
1160363,0,
1146195,0,
1146197,0,
1147955,0,
1150315,0,
1151453,0,
1151273,0,
1158047,0,
1146365,0,
1146644,0,
1151369,0,
1157345,0,
1146196,0,
1152615,0,
1151454,0,
1157148,0,
1156311,0,
1157147,0,
1172250,0,
1169078,0,
1169737,0,
1171829,0,
1161834,0,
1161835,0,
1168392,0,
1161622,0,
1171826,0,
1171827,0,
1175557,0,
1161836,0,
1172251,0,
1169739,0,
1171517,0,
1172099,0,
1168393,0,
1169208,0,
1171131,0,
1171896,0,
1163358,0,
1167594,0,
1169190,0,
1163357,0,
1170309,0,
1161837,0,
1166930,0,
1166931,0,
1166932,0,
1171828,0,
1169191,0,
1171897,0,
1161037,0,
1162092,0,
1169738,0,
1173407,0,
1162091,0,
1164837,0,
1166933,0,
1169209,0,
1169287,0,
1171516,0,
1164838,0,
1161038,0,
1168394,0,
1172100,0,
1178266,0,
1182908,0,
1182909,0,
1183851,0,
1187884,0,
1181584,0,
1182512,0,
1187683,0,
1178948,0,
1180994,0,
1178947,0,
1183798,0,
1187137,0,
1182513,0,
1187138,0,
1180996,0,
1182910,0,
1182911,0,
1183551,0,
1189961,0,
1183913,0,
1186092,0,
1179614,0,
1182744,0,
1181585,0,
1179056,0,
1179057,0,
1183552,0,
1184176,0,
1189634,0,
1182745,0,
1178267,0,
1179208,0,
1186093,0,
1189963,0,
1181983,0,
1181984,0,
1179253,0,
1187883,0,
1188465,0,
1182511,0,
1183797,0,
1189962,0,
1179252,0,
1179615,0,
1184175,0,
1195603,0,
1201700,0,
1197373,0,
1193567,0,
1193935,0,
1194123,0,
1204536,0,
1206632,0,
1201698,0,
1206630,0,
1197035,0,
1199804,0,
1200797,0,
1201699,0,
1202875,0,
1204537,0,
1205025,0,
1198387,0,
1196002,0,
1204532,0,
1193568,0,
1194651,0,
1199009,0,
1201697,0,
1204533,0,
1194122,0,
1201158,0,
1197372,0,
1201701,0,
1201702,0,
1205516,0,
1201235,0,
1194121,0,
1200796,0,
1194372,0,
1205714,0,
1205715,0,
1194356,0,
1203703,0,
1204538,0,
1206631,0,
1194373,0,
1202874,0,
1204539,0,
1199803,0,
1205024,0,
1205517,0,
1198386,0,
1203514,0,
1193934,0,
1194650,0,
1201587,0,
1210273,0,
1214809,0,
1214810,0,
1216078,0,
1218554,0,
1209501,0,
1218711,0,
1211157,0,
1214468,0,
1213641,0,
1211849,0,
1216080,0,
1218904,0,
1222504,0,
1207926,0,
1218553,0,
1216079,0,
1209506,0,
1214807,0,
1214808,0,
1218753,0,
1218916,0,
1222418,0,
1210573,0,
1214803,0,
1214804,0,
1207925,0,
1214535,0,
1218903,0,
1207577,0,
1213590,0,
1218915,0,
1211155,0,
1211714,0,
1214469,0,
1217792,0,
1217949,0,
1218752,0,
1210272,0,
1212380,0,
1212381,0,
1214536,0,
1214811,0,
1214812,0,
1214978,0,
1209502,0,
1212026,0,
1213589,0,
1214805,0,
1214806,0,
1218552,0,
1222802,0,
1212027,0,
1212025,0,
1218754,0,
1218758,0,
1222503,0,
1209507,0,
1213640,0,
1217948,0,
1208631,0,
1211156,0,
1216077,0,
1218550,0,
1218551,0,
1211848,0,
1233072,0,
1237003,0,
1224268,0,
1228177,0,
1233071,0,
1234733,0,
1223917,0,
1229276,1,FAN-OUT
1237147,0,
1226766,0,
1223534,0,
1229466,0,
1226059,0,
1229755,0,
1237146,0,
1233165,0,
1223318,0,
1230980,0,
1223608,0,
1233713,0,
1223010,0,
1233715,0,
1236139,0,
1230044,0,
1230702,0,
1223916,0,
1224136,0,
1229465,0,
1231336,0,
1233712,0,
1235379,0,
1230134,0,
1232169,0,
1235381,0,
1229754,0,
1232170,0,
1237002,0,
1237292,0,
1224137,0,
1229815,0,
1233164,0,
1233604,0,
1235378,0,
1227000,0,
1234065,0,
1226058,0,
1226624,0,
1231335,0,
1233166,0,
1226767,0,
1230043,0,
1227001,0,
1235655,0,
1223535,0,
1232109,0,
1226623,0,
1230981,0,
1232142,0,
1235380,0,
1233714,0,
1237148,0,
1246957,0,
1242853,0,
1249759,0,
1252957,0,
1241411,0,
1244942,0,
1243566,0,
1249760,0,
1239210,0,
1241671,0,
1243366,0,
1246945,0,
1242016,0,
1242854,0,
1239541,0,
1242855,0,
1244943,0,
1243514,0,
1246542,0,
1242851,0,
1246514,0,
1246541,0,
1243193,0,
1241410,0,
1242686,0,
1245044,0,
1243091,0,
1246515,0,
1239211,0,
1241206,0,
1246944,0,
1243090,0,
1240881,0,
1246540,0,
1240882,0,
1242015,0,
1250861,0,
1242852,0,
1245043,0,
1250233,0,
1241672,0,
1242716,0,
1243367,0,
1243194,0,
1241412,0,
1243567,0,
1243568,0,
1246543,0,
1246958,0,
1239542,0,
1241119,0,
1242104,0,
1243569,0,
1241120,0,
1252572,0,
1260112,0,
1264384,0,
1268760,0,
1254596,0,
1254739,0,
1259025,0,
1261618,0,
1257781,0,
1259153,0,
1261619,0,
1258037,0,
1268809,0,
1261548,0,
1268681,0,
1268808,0,
1254995,0,
1259154,0,
1260452,0,
1254740,0,
1257782,0,
1261300,0,
1264942,0,
1258030,0,
1264735,0,
1264940,0,
1264941,0,
1254597,0,
1263594,0,
1254274,0,
1261301,0,
1263595,0,
1260111,0,
1258029,0,
1258036,0,
1265706,0,
1264383,0,
1260451,0,
1263593,0,
1265708,0,
1261549,0,
1255972,0,
1258035,0,
1256853,0,
1265707,0,
1254273,0,
1254598,0,
1259155,0,
1269188,0,
1271388,0,
1275195,0,
1280126,0,
1272720,0,
1276918,0,
1283650,0,
1271721,0,
1273716,0,
1279695,0,
1280675,0,
1282667,0,
1283037,0,
1284088,0,
1277969,0,
1278839,0,
1283651,0,
1277122,0,
1276871,0,
1276917,0,
1279693,0,
1281525,0,
1273154,0,
1279607,0,
1280741,0,
1272261,0,
1274877,0,
1278840,0,
1284111,0,
1273006,0,
1269908,0,
1272377,0,
1273654,0,
1279608,0,
1280676,0,
1271387,0,
1274878,0,
1284089,0,
1278996,0,
1279694,0,
1271722,0,
1272260,0,
1272379,0,
1275196,0,
1281914,0,
1274093,0,
1281915,0,
1269906,0,
1272378,0,
1277968,0,
1278830,0,
1271723,0,
1272719,0,
1281526,0,
1282668,0,
1282916,0,
1278829,0,
1273377,0,
1276872,0,
1270826,0,
1278997,0,
1269907,0,
1270827,0,
1279692,0,
1283962,0,
1280127,0,
1273653,0,
1282666,0,
1291544,0,
1295771,0,
1293686,0,
1293687,0,
1297216,0,
1285463,0,
1296686,0,
1285464,0,
1290601,0,
1290602,0,
1298577,0,
1287648,0,
1289614,0,
1296133,0,
1287287,0,
1293546,0,
1299317,0,
1296993,0,
1296995,0,
1290603,0,
1296277,0,
1285333,0,
1288985,0,
1296687,0,
1285335,0,
1287286,0,
1288986,0,
1293547,0,
1299090,0,
1298578,0,
1299318,0,
1289615,0,
1291011,0,
1293545,0,
1285465,0,
1290474,0,
1291012,0,
1291430,0,
1287647,0,
1290056,0,
1296994,0,
1285334,0,
1291429,0,
1285276,0,
1296276,0,
1297217,0,
1299358,0,
1288121,0,
1291083,0,
1295770,0,
1287649,0,
1289276,0,
1296134,0,
1299089,0,
1285466,0,
1290055,0,
1293332,0,
1306043,0,
1307303,0,
1303601,0,
1308494,0,
1314021,0,
1315018,0,
1305285,0,
1300137,0,
1305933,0,
1314022,0,
1315705,0,
1306041,0,
1300286,0,
1309159,0,
1311481,0,
1312097,0,
1313652,0,
1301758,0,
1306039,0,
1312098,0,
1305286,0,
1312975,0,
1300284,0,
1310664,0,
1300285,0,
1302538,0,
1314024,0,
1302934,0,
1301232,0,
1303562,0,
1308353,0,
1314817,0,
1300283,0,
1307745,0,
1305932,0,
1311482,0,
1305493,0,
1312974,0,
1309248,0,
1314023,0,
1302539,0,
1312177,0,
1314179,0,
1306040,0,
1309249,0,
1314180,0,
1314818,0,
1300626,0,
1303561,0,
1306042,0,
1315704,0,
1313653,0,
1317688,0,
1325577,0,
1328728,0,
1328806,0,
1330103,0,
1316095,0,
1316512,0,
1321934,0,
1322744,0,
1324418,0,
1325581,0,
1316096,0,
1320911,0,
1325579,0,
1327693,0,
1328805,0,
1316417,0,
1317687,0,
1327576,0,
1327692,0,
1330495,0,
1315845,0,
1327694,0,
1318814,0,
1321557,0,
1321935,0,
1324867,0,
1325580,0,
1316750,0,
1319620,0,
1320844,0,
1321731,0,
1324419,0,
1323992,0,
1328696,0,
1327279,0,
1316139,0,
1316418,0,
1320843,0,
1328726,0,
1320663,0,
1327503,0,
1316140,0,
1316419,0,
1323991,0,
1331104,0,
1316104,0,
1321877,0,
1325688,0,
1330104,0,
1316079,0,
1318813,0,
1319621,0,
1321556,0,
1328727,0,
1316339,0,
1320240,0,
1325690,0,
1327502,0,
1320912,0,
1321732,0,
1323396,0,
1316141,0,
1328753,0,
1320239,0,
1321876,0,
1328697,0,
1316751,0,
1322434,0,
1324482,0,
1325689,0,
1315844,0,
1327278,0,
1322433,0,
1316097,0,
1327575,0,
1316338,0,
1318034,0,
1322144,0,
1325578,0,
1324788,0,
1339376,0,
1339629,0,
1346091,0,
1334672,0,
1338002,0,
1342019,0,
1344792,0,
1345066,0,
1332488,0,
1332649,0,
1341565,0,
1335450,0,
1338004,0,
1338562,0,
1340564,0,
1335094,0,
1336931,0,
1332489,0,
1337601,0,
1338001,0,
1338138,0,
1341709,0,
1344790,0,
1346578,1,FAN-OUT
1339630,0,
1335451,0,
1336930,0,
1341365,0,
1346164,0,
1332648,0,
1333564,0,
1334918,0,
1342018,0,
1338003,0,
1339824,0,
1334629,0,
1342022,0,
1346165,0,
1334917,0,
1333566,0,
1338613,0,
1341145,0,
1342021,0,
1343978,0,
1334799,0,
1338295,0,
1341566,0,
1337600,0,
1340565,0,
1334630,0,
1338614,0,
1332373,0,
1333565,0,
1338563,0,
1342020,0,
1346944,0,
1339825,0,
1339175,0,
1339375,0,
1339823,0,
1341364,0,
1334800,0,
1341143,0,
1341144,0,
1346945,0,
1341567,0,
1343977,0,
1344791,0,
1335093,0,
1332372,0,
1333759,0,
1333563,0,
1338137,0,
1338296,0,
1348006,0,
1352803,0,
1353970,0,
1354368,0,
1357924,0,
1350943,0,
1355673,0,
1358063,0,
1350944,0,
1359375,0,
1360257,0,
1354369,0,
1355671,0,
1352957,0,
1358832,0,
1348748,0,
1360815,0,
1355672,0,
1357920,0,
1358065,0,
1348005,0,
1348057,0,
1357185,0,
1358064,0,
1358347,0,
1361320,0,
1348749,0,
1350247,0,
1353314,0,
1357921,0,
1359374,0,
1349480,0,
1359743,0,
1349027,0,
1357923,0,
1352614,0,
1355170,0,
1360522,0,
1349644,0,
1360258,0,
1350447,0,
1361632,0,
1362270,0,
1351787,0,
1362269,0,
1362285,0,
1355991,0,
1360521,0,
1358831,0,
1349481,0,
1351281,0,
1361319,0,
1347936,0,
1350668,0,
1357922,0,
1349028,0,
1351788,0,
1352958,0,
1353315,0,
1358348,0,
1350446,0,
1361633,0,
1352804,0,
1353971,0,
1358738,0,
1350448,0,
1352477,0,
1362284,0,
1367374,0,
1372521,0,
1376117,0,
1364917,0,
1365040,0,
1367192,0,
1367373,0,
1373420,0,
1364916,0,
1364981,0,
1368625,0,
1369292,0,
1371971,0,
1365363,0,
1365748,0,
1368012,0,
1374900,0,
1368624,0,
1371380,0,
1372520,0,
1374476,0,
1374606,0,
1367375,0,
1362536,0,
1366586,0,
1371267,0,
1374605,0,
1369221,0,
1374509,0,
1376134,0,
1365078,0,
1368682,0,
1371309,0,
1366590,0,
1368011,0,
1367342,0,
1371627,0,
1369814,0,
1371379,0,
1373836,0,
1364066,0,
1364739,0,
1367193,0,
1368683,0,
1369291,0,
1365749,0,
1366589,0,
1371974,0,
1362537,0,
1369778,0,
1371973,0,
1374508,0,
1368684,0,
1371268,0,
1362538,0,
1373421,0,
1363866,0,
1371972,0,
1374795,0,
1363179,0,
1366585,0,
1366587,0,
1371628,0,
1372523,0,
1365039,0,
1375681,0,
1376116,0,
1369777,0,
1371201,0,
1372522,0,
1373246,0,
1371378,0,
1374796,0,
1392673,0,
1389328,0,
1392671,0,
1392672,0,
1380501,0,
1385449,0,
1382821,0,
1386416,0,
1391017,0,
1378123,0,
1383456,0,
1392774,0,
1382820,0,
1389584,0,
1379221,0,
1380165,0,
1385448,0,
1390411,0,
1388579,0,
1389582,0,
1380903,0,
1381175,0,
1382819,0,
1389580,0,
1388413,0,
1389418,0,
1382818,0,
1392609,0,
1378124,0,
1382817,0,
1388580,0,
1392610,0,
1392776,0,
1380500,0,
1388411,0,
1390412,0,
1383455,0,
1389329,0,
1389581,0,
1379222,0,
1380166,0,
1392775,0,
1392744,1,SCATTER-GATHER
1392773,0,
1382157,0,
1389175,0,
1381174,0,
1378673,0,
1384117,0,
1389583,0,
1378672,0,
1389419,0,
1378514,0,
1378674,0,
1386415,0,
1378515,0,
1385447,0,
1388412,0,
1389171,0,
1389176,0,
1398946,0,
1407688,0,
1396661,0,
1398944,0,
1404039,0,
1394385,0,
1396449,0,
1398814,0,
1395813,0,
1404651,0,
1393444,0,
1396448,0,
1408406,0,
1397917,0,
1405637,0,
1398945,0,
1403054,0,
1408259,0,
1396660,0,
1403003,0,
1407711,0,
1395815,0,
1403004,0,
1398947,0,
1405638,0,
1395576,0,
1407712,0,
1396740,0,
1408405,0,
1400682,0,
1400683,0,
1398811,0,
1398943,0,
1403005,0,
1403053,0,
1399795,0,
1399796,0,
1394386,0,
1397471,0,
1398812,0,
1395816,0,
1397470,0,
1398813,0,
1404650,0,
1395814,0,
444469,1,GATHER-SCATTER
1404070,0,
1393443,0,
1395812,0,
1397916,0,
1408258,0,
1407689,0,
1402164,0,
1418863,0,
1419105,0,
1415149,0,
1421316,0,
1418718,0,
1409027,0,
1409554,0,
1409555,0,
1410039,0,
1418530,0,
1419825,0,
1419826,0,
1413475,0,
1418529,0,
1418840,0,
1413061,0,
1412567,0,
1418400,0,
1418841,0,
1421314,0,
1423131,0,
1346579,1,FAN-OUT
1412308,0,
1415875,0,
1419837,0,
1409738,0,
1412677,0,
1416017,0,
1409556,0,
1409557,0,
1410038,0,
1422031,0,
611980,1,BIPARTITE
1417601,0,
1418862,0,
1423228,0,
1409552,0,
1409553,0,
1413035,0,
1413062,0,
1419106,0,
1422032,0,
1416018,0,
1416633,0,
1421786,0,
1418399,0,
1423227,0,
1410037,0,
1416893,0,
1410605,0,
1413943,0,
1418531,0,
1419836,0,
1419838,0,
1410340,0,
1417218,0,
1409029,0,
1411603,0,
1421315,0,
1413474,0,
1415148,0,
1422704,0,
1414714,0,
1414715,0,
1416894,0,
1409028,0,
1409558,0,
1418719,0,
1414823,0,
1417219,0,
1425471,0,
1430526,0,
1424953,0,
1428355,0,
1434136,0,
1436456,0,
1437210,0,
1428360,0,
1435124,0,
1428695,0,
1436454,0,
1428357,0,
1437967,0,
1434957,0,
1426694,0,
1434137,0,
1428356,0,
1428253,0,
1428358,0,
1437211,0,
1428251,0,
1425472,0,
1426989,0,
1429803,0,
1430527,0,
1437968,0,
1426854,0,
1426855,0,
1430893,0,
1432841,0,
1433733,0,
1436453,0,
1432842,0,
1424952,0,
1429801,0,
1430892,0,
1438236,0,
1428252,0,
1424722,0,
1424528,0,
1425470,0,
1428359,0,
1437209,0,
1438208,0,
1437244,0,
1437245,0,
1424721,0,
1428920,0,
1438209,0,
1426342,0,
1436455,0,
1437242,0,
1437243,0,
1428921,0,
1429802,0,
1433242,0,
1447793,0,
1448561,0,
1442340,0,
1443385,0,
1447796,0,
1447010,0,
1440343,0,
1444553,0,
1450656,0,
1447795,0,
1440344,0,
1443384,0,
1440524,0,
1443825,0,
1441183,0,
1443826,0,
1449599,0,
1454460,0,
1454462,0,
1442443,0,
1444554,0,
1440925,0,
1443650,0,
1446363,0,
1446949,0,
1445682,0,
1454461,0,
1441184,0,
1443651,0,
1446317,0,
1442440,0,
1446364,0,
1447794,0,
1447380,0,
1454375,0,
1447376,0,
1449600,0,
1447377,0,
1449293,0,
1444121,0,
1450657,0,
1442442,0,
1446315,0,
1449294,0,
1452002,0,
1454543,0,
1440523,0,
1442441,0,
1447379,0,
1444123,0,
1446316,0,
1447378,0,
1459921,0,
1463437,0,
1464432,0,
1460413,0,
1461873,0,
1462396,0,
1462398,0,
1465811,0,
1462397,0,
1458539,0,
1461132,0,
1462476,0,
1463814,0,
1466405,0,
1467649,0,
1468884,0,
1469410,0,
1465813,0,
1455370,0,
1469413,0,
1458655,0,
1468723,0,
1468885,0,
1458656,0,
1458658,0,
1460537,0,
1463316,0,
1466511,0,
1458659,0,
1465488,0,
1467120,0,
1458660,0,
1455123,0,
1458538,0,
1468025,0,
1460414,0,
1462477,0,
1463265,0,
1459426,0,
1456956,0,
1468026,0,
1463536,0,
1469412,0,
1456290,0,
1458086,0,
1463266,0,
1463436,0,
1463815,0,
1463816,0,
1464431,0,
1462399,0,
1465711,0,
1465812,0,
1455371,0,
1459922,0,
1460536,0,
1463315,0,
1465487,0,
1466404,0,
1467028,0,
1463438,0,
1483680,0,
1482004,0,
1471223,0,
1471226,0,
1476809,0,
1477146,0,
1484262,0,
1484509,0,
1476985,0,
1477147,0,
1479855,0,
1482647,0,
1483863,0,
1484510,0,
1473338,0,
1475718,0,
1478989,0,
1478990,0,
1480136,0,
1483866,0,
1475376,0,
1482753,0,
1480467,0,
1472031,0,
1478987,0,
1478988,0,
1483679,0,
1484363,0,
1485241,0,
1471549,0,
1471868,0,
1473329,0,
1474678,0,
1475456,0,
1480471,0,
1470136,0,
1471224,0,
1473384,0,
1480468,0,
1482003,0,
1473385,0,
1483682,0,
1482646,0,
1473339,0,
1476542,0,
1484511,0,
1485240,0,
1474677,0,
1483704,0,
1471550,0,
1471954,0,
1475457,0,
1475716,0,
1476808,0,
1480621,0,
1481488,0,
1472032,0,
1480469,0,
1484752,0,
1475717,0,
1476790,0,
1480622,0,
1475375,0,
1480137,0,
1483862,0,
1472033,0,
1477721,0,
1477754,0,
1482645,0,
1483864,0,
1473133,0,
1473337,0,
1484261,0,
1476538,0,
1471867,0,
1476537,0,
1476541,0,
1482002,0,
1483865,0,
1476791,0,
1480470,0,
1480913,0,
1471225,0,
1476539,0,
1477529,0,
1476540,0,
1483681,0,
1488427,0,
1491225,0,
1493939,0,
1499614,0,
1499468,0,
1485687,0,
1488624,0,
1497832,0,
1499469,0,
1498916,0,
1499515,0,
1487037,0,
1493749,0,
1489174,0,
1497881,0,
1499659,0,
1488939,0,
1493777,0,
1487203,0,
1487204,0,
1491221,0,
1491223,0,
1491260,0,
1496337,0,
1491226,0,
1487038,0,
1486611,0,
1486612,0,
1492521,0,
1493938,0,
1490794,0,
1493193,0,
1493998,0,
1499516,0,
1491227,0,
1499066,0,
1488428,0,
1491224,0,
1492689,0,
1496703,0,
1499470,0,
1497831,0,
1488625,0,
1495247,0,
1485547,0,
1491261,0,
1495832,0,
1499067,0,
1497880,0,
1498136,0,
1488626,0,
1495248,0,
1485548,0,
1491222,0,
1488623,0,
1492522,0,
1490793,0,
1492548,0,
1493940,0,
1498915,0,
1488937,0,
1488938,0,
1493194,0,
1502687,0,
1507770,0,
1508314,0,
1507608,0,
1513666,0,
1508745,0,
1513471,0,
1508739,0,
1507095,0,
1514742,0,
1508317,0,
545063,1,RANDOM
1503415,0,
1505351,0,
1505482,0,
1507094,0,
1508825,0,
1514743,0,
1500839,0,
1505350,0,
1508852,0,
1506752,0,
1507609,0,
1507769,0,
1506281,0,
1508315,0,
1508740,0,
1504074,0,
1504075,0,
1505481,0,
1502688,0,
1503414,0,
1504143,0,
1506980,0,
1508742,0,
1508744,0,
1508823,0,
1506542,0,
1506763,0,
1513665,0,
1508826,0,
1513470,0,
1506280,0,
1508824,0,
1508839,0,
1506751,0,
1508743,0,
1504144,0,
1506189,0,
1506279,0,
1506552,0,
1514741,0,
1505681,0,
1508840,0,
1506762,0,
1508316,0,
1504145,0,
1506978,0,
1506979,0,
1508741,0,
1506543,0,
1518722,0,
1521100,0,
1527463,0,
1525207,0,
1524609,0,
1518693,0,
1518721,0,
1520120,0,
1520524,0,
1518692,0,
1518694,0,
1527079,0,
1520121,0,
1527462,0,
1529172,0,
1527080,0,
1528749,0,
1522468,0,
1527078,0,
1527160,0,
1528750,0,
1516323,0,
1522466,0,
1528532,0,
1522465,0,
1530915,0,
1520269,0,
1525947,0,
1518720,0,
1523263,0,
1529577,0,
1520525,0,
1516993,0,
1521101,0,
1516994,0,
1525208,0,
1529485,0,
1523615,0,
1523616,0,
1525948,0,
1529486,0,
1517478,0,
1527159,0,
1527464,0,
1529576,0,
1516324,0,
1527465,0,
1530916,0,
1520270,0,
1529173,0,
1518290,0,
1520122,0,
1522382,1,CYCLE
1528531,0,
1517477,0,
1522467,0,
1526446,0,
1542209,0,
1543975,0,
1532931,0,
1540371,0,
1537633,0,
1539155,0,
1539784,0,
1536659,0,
1537143,0,
1537490,0,
1540194,0,
1531572,0,
1537929,0,
1542618,0,
1539787,0,
1532180,0,
1537928,0,
1531573,0,
1542207,0,
1538611,0,
1535487,0,
1535989,0,
1539673,0,
1543442,0,
1533625,0,
1534001,0,
1534002,0,
1534417,0,
1535990,0,
1537491,0,
1537632,0,
1542617,0,
1544322,0,
1531508,0,
1532932,0,
1532005,0,
1544321,0,
1543441,0,
1532179,0,
1545140,0,
1534644,0,
1535488,0,
1538612,0,
1543440,0,
1539786,0,
1545141,0,
1535987,0,
1535988,0,
1542208,0,
1534646,0,
1537927,0,
1539785,0,
1545142,0,
1546431,0,
1540370,0,
1560078,0,
1561686,0,
1550520,0,
1552491,0,
1549334,0,
1549335,0,
1549819,0,
1552493,0,
1559616,0,
1549081,0,
1552974,0,
1550521,0,
1550828,0,
1561797,0,
1551933,0,
1552494,0,
1548845,0,
1555981,0,
1561685,0,
1559806,0,
1561610,0,
1554336,0,
1561611,0,
1549467,0,
1552492,0,
1555080,0,
1561496,0,
1561497,0,
1561602,0,
1549743,0,
1550522,0,
1548844,0,
1548846,0,
1561609,0,
1560062,0,
1561601,0,
1547718,0,
1549742,0,
1560893,0,
1547566,0,
1554337,0,
1552496,0,
1554358,0,
1555980,0,
1561600,0,
1561796,0,
1550500,0,
1550501,0,
1555079,0,
1560892,0,
1552497,0,
1550829,0,
1561650,0,
1555078,0,
1560061,0,
1560077,0,
1547717,0,
1547719,0,
1555979,0,
1547894,0,
1559805,0,
1560063,0,
1561608,0,
1547895,0,
1549466,0,
1559671,0,
1559670,0,
1548843,0,
1549744,0,
1573325,0,
1567669,0,
1568174,0,
1573454,0,
1564797,0,
1571017,0,
1568343,0,
1568653,0,
1567668,0,
1575110,0,
1575784,0,
1567273,0,
1572363,0,
1573504,0,
1576021,0,
1568176,0,
1572365,0,
1573318,0,
1573502,0,
1568131,0,
1570604,0,
1571474,0,
1576255,0,
1567274,0,
1568687,0,
1573503,0,
1576672,0,
1567764,0,
1568175,0,
1570576,0,
1563468,0,
1572362,0,
1575052,0,
1577354,0,
1563466,0,
1564681,0,
1575786,0,
1573317,0,
1577179,0,
1564796,0,
1567052,0,
1567053,0,
1568751,0,
1577210,0,
1577211,1,SCATTER-GATHER
1575785,0,
1566200,0,
1568652,0,
1562660,0,
1566201,0,
1568342,0,
1575111,0,
1576184,0,
1576254,0,
1576728,0,
1562480,0,
1567765,0,
1573453,0,
1568177,0,
1564680,0,
1577272,1,CYCLE
1564103,0,
1573500,0,
1576671,0,
1563467,0,
1571473,0,
1573501,0,
1562481,0,
1568130,0,
1570577,0,
1576673,0,
1590425,0,
1578244,0,
1579668,0,
1580705,0,
1578241,0,
1579666,0,
1581113,0,
1583315,0,
1589219,0,
1592373,0,
1578243,0,
1582547,0,
1584591,0,
1585676,0,
1578412,0,
1581114,0,
1592375,0,
1585679,0,
1588243,0,
1588244,0,
1589960,0,
1578411,0,
1583316,0,
1588957,0,
1579667,0,
1583317,0,
1583656,0,
1578408,0,
1582545,0,
1583321,0,
1578413,0,
1583723,0,
1586444,0,
1578242,0,
1580861,0,
1578547,0,
1585640,0,
1590389,0,
1580706,0,
1588120,0,
1588956,0,
1582546,0,
1590426,0,
1592374,0,
1592457,0,
1586443,0,
1587763,0,
1589220,0,
1590388,0,
1583318,0,
1585641,0,
1579670,0,
1585678,0,
1588119,0,
1583657,0,
1590034,0,
1592214,0,
1578407,0,
1584590,0,
1588958,0,
1581139,0,
1581924,0,
1585677,0,
1592675,0,
1579669,0,
1580862,0,
1578551,0,
1608344,0,
1597127,0,
1599560,0,
1605135,0,
1605380,0,
1593785,0,
1596643,0,
1607657,0,
1593667,0,
1599438,0,
1603984,0,
1607682,0,
1593632,0,
1600441,0,
1601330,0,
1606196,0,
1608345,0,
1599410,0,
1606512,0,
1608346,0,
1601266,0,
1608148,0,
1596679,0,
1597585,0,
1605151,0,
1606511,0,
1606988,0,
1597125,0,
1606198,0,
1593666,0,
1596642,0,
1596678,0,
1606985,0,
1601450,0,
1608149,0,
1608201,0,
1596872,0,
1598869,0,
1597690,0,
1599439,0,
1601452,0,
1606986,0,
1605136,0,
1606987,0,
1577214,0,
1577215,1,SCATTER-GATHER
1598333,0,
1598334,0,
1603983,0,
1608417,0,
1599129,0,
1601328,0,
1607658,0,
1608186,0,
1608418,0,
1599409,0,
1601329,0,
1607681,0,
1598335,0,
1598336,0,
1600142,0,
1597126,0,
1600141,0,
1600440,0,
1600539,0,
1601451,0,
1597584,0,
1597689,0,
1606510,0,
1599440,0,
1593838,0,
1606197,0,
1611783,0,
1615253,0,
1624092,0,
1611814,0,
1617041,0,
1623645,0,
1615252,0,
1618316,0,
1610350,0,
1617317,0,
1612313,0,
1623646,0,
1610074,0,
1616132,0,
1609572,0,
1612142,0,
1617665,0,
1610351,0,
1611436,0,
1621475,0,
1616131,0,
1618303,0,
1064049,1,FAN-IN
1611784,0,
1611813,0,
1609573,0,
1611434,0,
1615788,0,
1617316,0,
1619464,0,
1610082,0,
1617318,0,
1619324,0,
1621646,0,
1624034,0,
1610096,0,
1616552,0,
1618153,0,
1612141,0,
1616909,0,
1620528,0,
1621645,0,
1621647,0,
1624478,0,
1621476,0,
1609861,0,
1624090,0,
1610095,0,
1611435,0,
1617042,0,
1610094,0,
1610073,0,
1616553,0,
1616908,0,
1617789,0,
1624091,0,
1629561,0,
1627092,0,
1628064,0,
1635975,0,
1627849,0,
1631461,0,
1633710,0,
1628066,0,
1632334,0,
1639585,0,
1639586,1,SCATTER-GATHER
1625837,0,
1639617,1,CYCLE
1627025,0,
1627093,0,
1628950,0,
1630517,0,
1627571,0,
1628317,0,
1632333,0,
1633212,0,
1628065,0,
1628952,0,
1636085,0,
1637981,0,
1633752,0,
1634982,0,
1637215,0,
1637982,0,
1628029,0,
1630062,0,
1636603,0,
1629207,0,
1628316,0,
1628063,0,
1635795,0,
1627087,0,
1637485,0,
1627026,0,
1627848,0,
1625917,0,
1631740,0,
1635976,0,
1637214,0,
1628951,0,
1629208,0,
1632331,0,
1627088,0,
1628030,0,
1625918,0,
1625925,0,
1632332,0,
1634730,0,
1636604,0,
1636859,0,
1636860,0,
1631741,0,
1646740,0,
1654710,0,
1654240,0,
1647429,0,
1653123,0,
1654242,0,
1643661,0,
1653148,0,
1654299,0,
1640981,0,
1643849,0,
1649585,0,
1653200,0,
1641231,0,
1642693,0,
1646204,0,
1647252,0,
1648608,0,
1640978,0,
1641230,0,
1642691,0,
1640980,0,
1642689,0,
1645279,0,
1646207,0,
1643109,0,
1649586,0,
1651310,0,
1652190,0,
1653536,0,
1654301,0,
1646194,0,
1646741,0,
1640520,0,
1642267,0,
1643110,0,
1643662,0,
1651779,0,
1641279,0,
1647253,0,
1640579,0,
1648607,0,
1647012,0,
1647428,0,
1652272,0,
1642266,0,
1647430,0,
1651308,0,
1651780,0,
1640979,0,
1647013,0,
1648349,0,
1650253,0,
1651513,0,
1643848,0,
1651309,0,
1652189,0,
1653121,0,
1654241,0,
1650252,0,
1653122,0,
1652271,0,
1653149,0,
1653199,0,
1646205,0,
1646206,0,
1653214,0,
1654300,0,
1660997,0,
1661362,0,
1657710,0,
1660145,0,
1662912,0,
1657737,0,
1659685,0,
1666267,0,
1658825,0,
1658146,0,
1660643,0,
1658824,0,
1660660,0,
1662234,0,
1657774,0,
1664335,0,
1664983,0,
1657739,0,
1658827,0,
1665897,0,
1660935,0,
1656348,0,
1657738,0,
1668749,0,
1661364,0,
1658145,0,
1668452,0,
1668672,0,
1665896,0,
1666266,0,
1667858,0,
1662003,0,
1658244,0,
1656995,0,
1661361,0,
1662913,0,
1667859,0,
1668207,0,
1657773,0,
545064,1,RANDOM
1656349,0,
1667935,0,
1661363,0,
1662002,0,
1664982,0,
1658826,0,
602697,1,STACK
1668673,0,
1665434,0,
1668208,0,
1668748,0,
1673606,0,
1672883,0,
1675001,0,
1677851,0,
1684556,0,
1680650,0,
1680649,0,
1682142,0,
1677850,0,
1682300,0,
1676329,0,
1678490,0,
1681618,0,
1684199,0,
1685609,0,
1673605,0,
1674395,0,
1683013,0,
1683494,0,
1682143,0,
1675339,0,
1673190,0,
1683135,0,
1676370,0,
1680648,0,
1681667,0,
1681668,0,
1671188,0,
1677592,0,
1685612,0,
1676061,0,
1676406,0,
1684936,0,
1685604,0,
1674276,0,
1685587,1,CYCLE
1676369,0,
1677593,0,
1679735,0,
1670779,0,
1671187,0,
444470,1,GATHER-SCATTER
1673189,0,
1679734,0,
1676407,0,
1685610,0,
1685611,0,
1673607,0,
1674277,0,
1675002,0,
1678548,0,
1683134,0,
1672884,0,
1677594,0,
1683014,0,
1696912,0,
1686044,0,
1696498,0,
1695899,0,
1700353,0,
1687978,0,
1692653,0,
1690089,0,
1692655,0,
1700872,0,
1689140,0,
1689665,0,
1691342,0,
1686043,0,
1694967,0,
1698415,0,
1698414,0,
1689139,0,
1696700,0,
1696701,0,
1698416,0,
1687977,0,
1688691,0,
1694656,0,
1700351,0,
1639590,0,
1639591,1,SCATTER-GATHER
1691238,0,
1694915,0,
1691237,0,
1696699,0,
1695939,0,
1700352,0,
1691341,0,
1689841,0,
1695423,0,
1692102,0,
1695938,0,
1697693,0,
1699689,0,
1686144,0,
1688692,0,
1700873,0,
1692101,0,
1686145,0,
1690090,0,
1689661,0,
1689664,0,
1691251,0,
1691343,0,
1695900,0,
1696499,0,
1698417,0,
1692253,1,SCATTER-GATHER
1695422,0,
1698413,0,
1699365,0,
1700350,0,
1689675,0,
1692654,0,
1693476,0,
1697694,0,
1689663,0,
1689662,0,
1696913,0,
1686045,0,
1689674,0,
1695421,0,
1709459,0,
1710424,0,
1711308,0,
1714538,0,
1704518,0,
1705359,0,
1710434,0,
1710846,0,
1702967,0,
1706059,0,
1701884,0,
1701360,0,
1711174,0,
1703696,0,
1706001,0,
1715517,0,
1716242,0,
1701358,0,
1702144,0,
1710847,0,
1714539,0,
1704517,0,
1716241,0,
1701883,0,
1710435,0,
1701357,0,
1701634,0,
1706060,0,
1708901,0,
1711307,0,
1702145,0,
1702966,0,
1702363,0,
1704321,0,
1706000,0,
1703697,0,
1639595,0,
1639596,1,SCATTER-GATHER
1710436,0,
1709460,0,
1716240,0,
1701359,0,
1717024,0,
1728885,0,
1731308,0,
1717023,0,
1721131,0,
1724680,0,
1729607,0,
1717464,0,
1720163,0,
1721129,0,
1724099,0,
1729606,0,
1717595,0,
1719532,0,
1729125,0,
1731567,1,FAN-OUT
1717593,0,
1724098,0,
1717594,0,
1729124,0,
1724678,0,
1731307,0,
1718821,0,
1717463,0,
1719593,0,
1726969,0,
1726970,0,
1717532,0,
1717533,0,
1722067,0,
1722068,0,
1721130,0,
1722069,0,
1724454,0,
1726003,0,
1730617,0,
1728994,0,
1717534,0,
1717535,0,
1724456,0,
1724481,0,
1718820,0,
1721462,0,
1724455,0,
1724679,0,
1726971,0,
1717022,0,
1720162,0,
1726004,0,
1719594,0,
1721132,0,
1728886,0,
1728993,0,
1736299,0,
1746185,0,
1738728,0,
1742096,0,
1746506,0,
1735163,0,
1742568,0,
1736816,0,
1739811,0,
1742325,0,
1744347,0,
1484859,1,BIPARTITE
1733195,0,
1733485,0,
1735815,0,
1737710,0,
1739813,0,
1743947,0,
1741537,0,
1744346,0,
1746187,0,
1733484,0,
1735095,0,
1746995,0,
1733196,0,
1737769,0,
1743142,0,
1746996,0,
1739812,0,
1746186,0,
1639599,1,SCATTER-GATHER
1733486,0,
1743143,0,
1735814,0,
1738729,0,
1743141,0,
1737278,0,
1744653,0,
1746593,0,
1735608,0,
1736947,0,
1746184,0,
1734963,0,
1743047,0,
1746637,0,
1746638,0,
1737707,0,
1741983,0,
1746639,0,
1736946,0,
1742324,0,
1746594,0,
1735974,0,
1737709,0,
1740417,0,
1743046,0,
1741538,0,
1737708,0,
1736298,0,
1737279,0,
1733197,0,
1735094,0,
1737768,0,
1751509,0,
1753489,0,
1754996,0,
1762074,0,
1750395,0,
1760551,0,
1749833,0,
1751510,0,
1751759,0,
1756342,0,
1754476,0,
1751799,0,
1754679,0,
1748402,0,
1749629,0,
1749910,0,
1750159,0,
1750369,0,
1748200,0,
1753490,0,
1750397,0,
1747425,0,
1747427,0,
1752308,0,
1754478,0,
1754477,0,
1759096,0,
1760550,0,
1750245,0,
1751798,0,
1754997,0,
1760635,0,
1751816,0,
1759095,0,
1749626,0,
1749861,0,
1750472,0,
1753410,0,
1748199,0,
1749627,0,
1762218,0,
1749912,0,
1749769,0,
1749628,0,
1749913,0,
1750246,0,
1751508,0,
1756341,0,
1757279,0,
1760634,0,
1750394,0,
1748401,0,
1749834,0,
1749911,0,
1751094,0,
1751095,0,
1757278,0,
1758710,0,
1760417,0,
1752309,0,
1747426,0,
1748198,0,
1751512,0,
1753411,0,
1757633,0,
1758353,0,
1748197,0,
1750396,0,
1751511,0,
1774004,0,
1774005,0,
1777960,0,
1763225,0,
1763426,0,
1775570,0,
1769827,0,
1772258,0,
1777167,0,
1777552,0,
1768451,0,
1774599,0,
1768722,0,
1773917,0,
1763134,0,
1774598,0,
1776094,0,
1776095,0,
1765503,0,
1769031,0,
1763430,0,
1770116,0,
1772667,0,
1774609,0,
1772668,0,
1776164,0,
1776098,0,
1776099,0,
1777961,0,
1770115,0,
1767962,0,
1768087,0,
1768721,0,
1775808,0,
1763224,0,
1763275,0,
1775569,0,
1775807,0,
1765410,0,
1773467,0,
1774098,0,
1774099,0,
1777553,0,
1769715,0,
1769826,0,
1771112,0,
1774607,0,
1774748,0,
1773004,0,
1777166,0,
1769825,0,
1776163,0,
1777551,0,
1765127,0,
1768088,0,
1768723,0,
1769671,0,
1773915,0,
1776096,0,
1776097,0,
1763276,0,
1769121,0,
1774002,0,
1776363,0,
1765126,0,
1768878,0,
1777683,0,
1776364,0,
1768991,0,
1769120,0,
1769230,0,
1769824,0,
1773916,0,
1777684,0,
1763226,0,
1776365,0,
1763227,0,
1774034,0,
1768450,0,
1772257,0,
1774086,0,
1775548,0,
1763135,0,
1775806,0,
1765504,0,
1768877,0,
1774001,0,
1774003,0,
1774608,0,
1783131,0,
1783579,0,
1786715,0,
1779138,0,
1779809,0,
1779811,0,
1781971,0,
1789282,0,
1791080,0,
1789817,0,
1780374,0,
1792054,0,
1780193,0,
1789723,0,
1783132,0,
1784614,0,
1789283,0,
1790774,0,
1784389,0,
1790857,0,
1792215,0,
1789429,0,
1783580,0,
1778415,0,
1780192,0,
1790445,0,
1790855,0,
1779810,0,
1787799,0,
1778414,0,
1791078,0,
1784615,0,
1792056,0,
1788986,0,
1791079,0,
1781645,0,
1787798,0,
1787987,0,
1779812,0,
1786710,0,
1789498,0,
1780372,0,
1784390,0,
1789236,0,
1789237,0,
1790773,0,
1779136,0,
1779137,0,
1780475,0,
1784374,0,
1787988,0,
1789818,0,
1780194,0,
1780732,0,
1789428,0,
1792055,0,
1783199,0,
1784373,0,
1784388,0,
1789634,0,
1781644,0,
1789724,0,
1790856,0,
1791076,0,
1789497,0,
1789633,0,
1780476,0,
1786711,0,
1791580,0,
1800143,0,
1805663,0,
1806109,0,
1796456,0,
1794475,0,
1802157,0,
1807263,0,
1793706,0,
1797361,0,
1808196,0,
1802259,0,
1803399,0,
1806178,0,
1798525,0,
1801707,0,
1801710,0,
1804793,0,
1805999,0,
1807815,0,
1801708,0,
1797280,0,
1803101,0,
1806177,0,
1793959,0,
1796235,0,
1805077,0,
1808195,0,
1795887,0,
1798524,0,
1799784,0,
1803103,0,
1807121,0,
1808194,0,
1796232,0,
1798188,0,
1798508,0,
1805661,0,
1807074,0,
1807120,0,
1801180,0,
1803400,0,
1801181,0,
1802158,0,
1793960,0,
1794477,0,
1798189,0,
1794119,0,
1806000,0,
1796457,0,
1804955,0,
1803102,0,
1797279,0,
1803595,0,
1795886,0,
1796233,0,
1799592,0,
1799593,0,
1803100,0,
1807817,0,
1800733,0,
1800734,0,
1802860,0,
1794476,0,
1802859,0,
1803256,0,
1807075,0,
1800142,0,
1804794,0,
1807816,0,
1793707,0,
1798720,0,
1801709,0,
1796234,0,
1798855,0,
1800386,0,
1803594,0,
1805662,0,
1807262,0,
1796458,0,
1798290,0,
1798509,0,
1798719,0,
1806179,0,
1812177,0,
1816791,0,
1809474,0,
1811362,0,
1812660,0,
1812707,0,
1815448,0,
1816662,0,
1811364,0,
1814048,0,
1817810,0,
1822956,0,
1809932,0,
1812176,0,
1812842,0,
1815450,0,
1812708,0,
1811135,0,
1811993,0,
1811115,0,
1820020,0,
1811363,0,
1816457,0,
1817168,0,
1817169,0,
1810770,0,
1810899,0,
1814049,0,
1814050,0,
1812841,0,
1810269,0,
1812178,0,
1823583,0,
1809601,0,
1810898,0,
1811116,0,
1823585,0,
1811114,0,
1812661,0,
1823584,0,
1810268,0,
1816456,0,
1816792,0,
1817811,0,
1835502,0,
1835503,0,
1825080,0,
1830009,0,
1837914,0,
1837015,0,
1827990,0,
1837014,0,
1827235,0,
1833022,0,
1827236,0,
1829855,0,
1830017,0,
1833696,0,
1834539,0,
1830010,0,
1837552,0,
1838871,0,
1838868,0,
1824514,0,
1824522,0,
1833698,0,
1834603,0,
1837912,0,
1833021,0,
1837913,0,
1824523,0,
1827793,0,
1829626,0,
1838870,0,
1824515,0,
1824524,0,
1828220,0,
1828934,0,
1837551,0,
1829625,0,
1830018,0,
1833493,0,
1833494,0,
1826304,0,
1829854,0,
1833699,0,
1833700,0,
1838869,0,
1825079,0,
1832695,0,
1826305,0,
1827792,0,
1833697,0,
1834602,0,
1850417,0,
1847228,0,
1847513,0,
1841034,0,
1847514,0,
1853405,0,
1845728,0,
1842740,0,
1847229,0,
1842432,0,
1846365,0,
1847849,0,
1849213,0,
1843992,0,
1846364,0,
1852917,0,
1840369,0,
1841185,0,
1841756,0,
1846243,0,
1846363,0,
1846362,0,
1849214,0,
1851023,0,
1852785,0,
1848380,0,
1841299,0,
1841755,0,
1847851,0,
1852392,0,
1839995,0,
1842739,0,
1851024,0,
1853384,0,
1842036,0,
1846244,0,
1848379,0,
1852393,0,
1841873,0,
1846032,0,
1841033,0,
1842431,0,
1843993,0,
1846033,0,
1857136,0,
1862547,0,
1867401,0,
1869443,0,
1869732,0,
1864135,0,
1864951,0,
1864973,0,
1869734,0,
1869735,0,
1857135,0,
1862546,0,
1864016,0,
1856860,0,
1861553,0,
1867540,0,
1862670,0,
1868952,0,
1868400,0,
1867402,0,
1861550,0,
1868093,0,
1867541,0,
1868091,0,
1868999,0,
1869000,0,
1859068,0,
1861215,0,
1861551,0,
1869733,0,
1856861,0,
1859065,0,
1864952,0,
1868496,0,
1868953,0,
1860079,0,
1861205,0,
1864056,0,
1868132,0,
1868497,0,
1868954,0,
1868997,0,
1868998,0,
1855564,0,
1863022,0,
1864953,0,
1868092,0,
1863599,0,
1856862,0,
1856863,0,
1865880,0,
1861214,0,
1855565,0,
1868133,0,
1868399,0,
1856404,0,
1865881,0,
1857137,0,
1861204,0,
1863023,0,
1864971,0,
1864972,0,
1858936,0,
1859066,0,
1864136,0,
1866415,0,
1855566,0,
1863598,0,
1861552,0,
1863090,0,
1865489,0,
1864055,0,
1864970,0,
1866416,0,
1862671,0,
1868498,0,
1855257,0,
1859511,0,
1866414,0,
1857833,0,
1880882,0,
1885356,0,
1871560,0,
1882707,0,
1884397,0,
1885168,0,
1878742,0,
1884029,0,
1884250,0,
1872852,0,
1878373,0,
1888605,0,
1871647,0,
1872298,0,
1872999,0,
1878741,0,
1872103,0,
1880705,0,
1882049,0,
1884398,0,
1887205,0,
1880788,0,
1874073,0,
1886846,0,
1878007,0,
1884432,0,
1885795,0,
1870387,0,
1873182,0,
1873994,0,
1884508,0,
1885794,0,
1872225,0,
1874043,0,
1881130,0,
1882047,0,
1871646,0,
1873099,0,
1872998,0,
1873992,0,
1877620,0,
1878041,0,
1872441,0,
1882668,0,
1884087,0,
1887480,0,
1872427,0,
1874309,0,
1888407,0,
1873560,0,
1876049,0,
1887279,0,
1873559,0,
1873181,0,
1887204,0,
1887645,0,
1873603,0,
1873993,0,
1872300,0,
1885602,0,
1890871,0,
1891735,0,
1890216,0,
1892449,0,
1890215,0,
1891801,0,
1888847,0,
1890086,0,
1888929,0,
1892451,0,
1892452,1,SCATTER-GATHER
1891800,0,
1892450,0,
1891734,0,
1890087,0,
1890872,0,
1890870,0,
1895905,0,
1895420,0,
1896340,0,
1895903,0,
1896479,0,
1896480,1,SCATTER-GATHER
1893400,0,
1893401,0,
1895902,0,
1896081,0,
1893574,0,
1896082,0,
1896341,0,
1895906,0,
1895904,0,
1893575,0,
1895421,0,
1896342,0,
1898354,0,
1897316,0,
1898353,0,
1899605,0,
1899273,0,
1900201,0,
1900200,0,
1899272,0,
1899604,0,
1897317,0,
1901259,0,
1902702,0,
1901258,0,
1901698,0,
1903786,0,
1904226,0,
1903141,0,
1902703,0,
1904225,0,
1902583,0,
1902584,0,
1903115,0,
1902426,0,
1903140,0,
1904417,1,FAN-OUT
1901333,0,
1904224,0,
1903116,0,
1901260,0,
1906905,0,
1908225,0,
1908226,1,RANDOM
1906504,0,
1906481,0,
1906503,0,
1906859,0,
1906484,0,
1907633,0,
1906860,0,
1905666,0,
1906483,0,
1906482,0,
1907632,0,
1909767,0,
1909254,0,
1908708,0,
1910704,0,
1909436,0,
1909284,0,
1908604,0,
1909437,0,
1909719,0,
1909435,0,
1908707,0,
1910692,0,
1908603,0,
1910703,0,
1909718,0,
1911447,0,
1909255,0,
1909766,0,
1909370,0,
1910691,0,
1911445,0,
1911581,0,
1911582,0,
1911446,0,
1910243,0,
1916104,1,RANDOM
1912811,0,
1912448,0,
1912447,0,
1577218,0,
1577219,1,SCATTER-GATHER
1914063,0,
1912515,0,
1912516,0,
1912810,0,
1912987,0,
1914064,0,
1912988,0,
1912372,0,
1912517,0,
1912518,0,
1912519,0,
1912520,0,
1916068,0,
1916069,1,FAN-IN
1912812,0,
1920130,0,
1920131,0,
1908227,1,RANDOM
1920233,0,
1919321,0,
1919320,0,
1920129,0,
1917094,0,
1919136,0,
1919857,0,
1919856,0,
1916452,0,
1919322,0,
1923343,0,
1924047,0,
1922805,0,
1922804,0,
1921343,0,
1923153,0,
1923342,0,
1922631,0,
1923152,0,
1922627,0,
1923341,0,
1921342,0,
1922239,0,
1922552,0,
1923154,0,
1922554,0,
1923359,0,
1923151,0,
1922238,0,
1922630,0,
1922571,0,
1922803,0,
1922628,0,
1922629,0,
1921341,0,
1922553,0,
1922306,0,
1923340,0,
1922551,0,
1924046,0,
1922285,0,
1922944,0,
1923344,0,
1923358,0,
1925672,0,
1925300,0,
1925671,0,
1925813,0,
1925811,0,
1927845,0,
1927846,0,
1924682,0,
1925812,0,
695434,0,
695435,1,GATHER-SCATTER
1929690,0,
1928892,0,
1929889,0,
1930623,0,
1930817,0,
1930818,0,
1930816,0,
1928771,0,
1929299,0,
1929301,0,
1929302,0,
1928770,0,
1928772,0,
1928773,0,
1929955,0,
1929689,0,
1928893,0,
1928894,0,
1929300,0,
1934357,0,
1935034,0,
1935623,0,
1935884,0,
1934205,0,
1934359,0,
1934799,0,
1936050,0,
1934358,0,
1934546,0,
1934548,0,
1932938,0,
1934206,0,
1934800,0,
1936051,0,
1936199,0,
1936200,0,
1936201,0,
1936202,0,
1577223,0,
1577224,1,SCATTER-GATHER
1932939,0,
1935624,0,
1933366,0,
1933367,0,
1936851,0,
1937947,0,
1940117,0,
1936852,0,
1937359,0,
1937219,0,
1937115,0,
1936864,0,
1937114,0,
1938132,0,
1939829,0,
1937220,0,
1937095,0,
1937360,0,
1940116,0,
1936863,0,
1808396,0,
1808397,1,BIPARTITE
1938134,0,
1939828,0,
1937946,0,
1938133,0,
1937094,0,
1943797,0,
1944160,0,
1940877,0,
1941128,0,
1941233,0,
1943352,0,
1941235,0,
1944418,0,
1944161,0,
1944419,0,
1940876,0,
1943351,0,
1942811,0,
1943677,0,
1944153,0,
1944162,0,
1941615,0,
1943798,0,
1941614,0,
1942810,0,
1943558,0,
1943559,0,
1943350,0,
1941558,0,
1941234,0,
1941129,0,
1945515,0,
1948508,0,
1947288,0,
1945735,0,
1948451,0,
1946196,0,
1946275,0,
1947286,0,
1946746,0,
1946757,0,
1945514,0,
1944812,0,
1946276,0,
1946755,0,
1946756,0,
1947656,0,
1948509,0,
1946197,0,
1945733,0,
1946507,0,
1947287,0,
1946754,0,
1948450,0,
1945731,0,
1946508,0,
1945734,0,
1945732,0,
1950899,0,
1950900,0,
1952527,0,
1952525,0,
1949176,0,
1950140,0,
1950141,0,
1950948,0,
1950949,0,
1951587,0,
1950950,0,
1950951,0,
1949175,0,
1951586,0,
1952526,0,
343705,1,STACK
1577227,0,
1577228,1,SCATTER-GATHER
1896503,0,
1896504,1,SCATTER-GATHER
1950139,0,
1955373,0,
1954048,0,
1955372,0,
1952836,0,
1952835,0,
1953467,0,
1953270,0,
1954959,0,
1954047,0,
1952977,0,
1953466,0,
1954958,0,
1959770,0,
1956985,0,
1957783,0,
1957930,0,
1957538,0,
1957782,0,
1959769,0,
1959768,0,
1957539,0,
1962642,0,
1962644,0,
1961249,0,
1961447,0,
1963850,0,
1963784,0,
1964587,0,
1961228,0,
1963848,0,
1964588,0,
1961248,0,
1963849,0,
1962645,0,
1961227,0,
1962643,0,
1961448,0,
1961679,0,
1961680,0,
1963785,0,
1967536,0,
1968222,0,
1964772,0,
1968134,0,
1965346,0,
1964771,0,
1964657,0,
1964658,0,
1965345,0,
1965476,0,
1968133,0,
1968223,0,
1968224,0,
1965477,0,
1968137,0,
1577231,0,
1577232,1,SCATTER-GATHER
1964770,0,
1968139,0,
1964773,0,
1965092,0,
1965091,0,
1968138,0,
1967535,0,
1971313,0,
1968881,0,
1972329,0,
1970779,0,
1972331,0,
1970166,0,
1971311,0,
1970165,0,
920852,1,STACK
1968882,0,
1970392,0,
1968883,0,
1969773,0,
1971312,0,
1972330,0,
1969251,0,
1969252,0,
1970391,0,
1973592,0,
1974061,0,
1975615,0,
1973470,0,
1973471,0,
1974004,0,
1973538,0,
1973540,0,
1974062,0,
1974063,0,
1975528,0,
1972912,0,
1975616,0,
1973374,0,
1973375,0,
1974005,0,
1973591,0,
1974060,0,
1976960,0,
1978961,0,
1979326,0,
1976959,0,
1978477,0,
1978522,0,
1979325,0,
1979330,0,
1978525,0,
1980451,0,
1979328,0,
1976961,0,
1978524,0,
1978478,0,
1979329,0,
1685588,1,CYCLE
1978960,0,
1978523,0,
1979324,1,
1979327,0,
1980450,0,
1980917,0,
1982464,1,GATHER-SCATTER
1984071,0,
1984072,0,
1577235,0,
1577236,1,SCATTER-GATHER
1980918,0,
1981929,0,
1984627,1,GATHER-SCATTER
1981928,0,
1982589,0,
1987373,0,
1987429,0,
1987848,0,
1985571,0,
1987706,0,
1988665,0,
1986013,0,
1988146,0,
1988471,0,
1987372,0,
1988145,0,
1987820,0,
1988663,0,
1986012,0,
1987849,0,
1987819,0,
1988470,0,
1984780,0,
1985570,0,
1988144,0,
1988469,0,
1988664,0,
1992443,0,
1030763,1,STACK
1990863,0,
1991122,0,
1990485,0,
1992676,0,
1990175,0,
1990484,0,
1990486,0,
1992442,0,
1991121,0,
1989769,0,
1990047,0,
1990176,0,
1990048,0,
1990864,0,
1989770,0,
1991120,0,
1992677,0,
1994867,0,
1993876,0,
1994868,0,
1995165,0,
1995164,0,
1993875,0,
1994869,0,
1996757,0,
1998454,0,
1997530,0,
1998577,0,
1999323,0,
1998578,0,
1998456,0,
1998016,0,
2000140,0,
1998457,0,
2000139,0,
1997531,0,
1998455,0,
1998015,0,
1999322,0,
2002338,0,
2002339,0,
2002843,0,
2002917,0,
2003627,0,
2002841,0,
2001631,0,
2000815,0,
2003626,0,
1577240,1,SCATTER-GATHER
2002845,0,
2001428,0,
2002844,0,
2000816,0,
2002840,0,
2002337,0,
2001481,0,
1896530,0,
1896531,0,
1896532,1,SCATTER-GATHER
2001427,0,
2001630,0,
2002842,0,
2006726,0,
2005643,0,
2005795,0,
2005794,0,
2005230,0,
2005702,0,
2005232,0,
2005703,0,
2008484,0,
2005944,0,
2008483,0,
2005945,0,
2005642,0,
2005231,0,
2008721,0,
2008722,0,
2009583,0,
2012558,1,CYCLE
2011870,0,
2011380,0,
2011871,0,
2009056,0,
2009449,0,
2009975,0,
2010532,0,
2010531,0,
2010533,0,
2011381,0,
2009976,0,
2009584,0,
2011872,0,
2011873,0,
2009057,0,
2013751,0,
2013050,0,
2013049,0,
2016608,0,
2016607,0,
2013801,0,
1892454,1,SCATTER-GATHER
2013752,0,
2016609,0,
2020200,0,
2020199,0,
2018616,0,
2018615,0,
2020679,1,CYCLE
2018943,0,
2023675,0,
2024209,0,
1639602,0,
1639603,1,SCATTER-GATHER
2023656,0,
2023657,0,
2022366,0,
2024134,0,
2024208,0,
2022367,0,
2023674,0,
2024206,0,
2023394,0,
2021819,0,
2023672,0,
2023676,0,
2024207,0,
2023390,0,
2023673,0,
2024133,0,
2021377,0,
2021378,0,
2024210,0,
2021820,0,
2023391,0,
2020813,0,
2020814,0,
2025887,0,
2027725,0,
2028611,0,
2025032,0,
1892453,1,SCATTER-GATHER
2025889,0,
2028389,0,
2027724,0,
2025031,0,
2026788,0,
2025888,0,
2026789,0,
2030771,0,
2030770,0,
2031505,0,
2029208,0,
2031504,0,
2032556,0,
1896521,0,
1896522,1,SCATTER-GATHER
2029207,0,
2029664,0,
2029663,0,
2031506,0,
2029910,0,
2034254,0,
2036493,0,
2034266,0,
2033062,0,
2033063,0,
2035774,0,
2034265,0,
2035359,0,
2035358,0,
2077474,1,GATHER-SCATTER
2034439,0,
2034440,0,
2035626,0,
2034253,0,
2035246,0,
2033064,0,
2034255,0,
2035627,0,
2033061,0,
2037689,0,
2037687,0,
2040469,0,
2037575,0,
2039832,0,
2039704,0,
2040705,0,
2038504,0,
2040260,0,
2038769,0,
2039870,0,
2040470,0,
2040261,0,
2038515,0,
2040728,0,
1896496,0,
1896497,1,SCATTER-GATHER
2037643,0,
2037644,0,
2037669,0,
2037670,0,
2038516,0,
2037576,0,
2037688,0,
2037671,0,
2038768,0,
2039869,0,
2041000,0,
2043328,0,
2041870,0,
2040999,0,
2044828,0,
2040998,0,
2041665,0,
2044396,0,
2044397,0,
2043329,0,
2044400,0,
2044401,0,
2043330,0,
2043719,0,
2044398,0,
2044399,0,
1982465,1,GATHER-SCATTER
2043891,0,
2044149,0,
2042635,0,
2041666,0,
2044148,0,
920853,1,STACK
2045221,0,
2046105,0,
2046953,0,
2046954,0,
2048011,0,
2048291,0,
2045220,0,
2045989,0,
2046947,0,
2046948,0,
2047282,0,
2045462,0,
2046955,0,
2046956,0,
2048292,0,
2046951,0,
2046952,0,
2045041,0,
2045247,0,
2045461,0,
2047283,0,
2045892,0,
2045245,0,
2046949,0,
2046950,0,
2048012,0,
2048581,0,
2045891,0,
2048293,0,
2045988,0,
2048582,0,
2045042,0,
2045246,0,
2052020,0,
2050119,0,
2052505,0,
2052018,0,
2052108,0,
2052115,0,
2053050,0,
2049189,0,
2051020,0,
2052114,0,
2052124,0,
2052123,0,
2051123,0,
2050120,0,
2051654,0,
2051415,0,
2052504,0,
2049187,0,
2051097,0,
2051098,0,
2051125,0,
2051487,0,
2052019,0,
2051096,0,
2051486,0,
2049188,0,
2052051,0,
2051655,0,
2051124,0,
2051416,0,
2051019,0,
2050121,0,
2053053,0,
2052050,0,
2053052,0,
2057120,0,
2057119,0,
2056174,0,
2056172,0,
2055843,0,
2053247,0,
1916070,0,
1916071,1,FAN-IN
2053890,0,
2056173,0,
2055266,0,
2054163,0,
2053888,0,
2054164,0,
2053887,0,
2053889,0,
2055265,0,
2055844,0,
2053248,0,
2059803,0,
2060854,0,
2059697,0,
2060855,0,
2061131,0,
2061129,0,
2059696,0,
2059804,0,
2061229,1,CYCLE
2061132,0,
2061130,0,
2060853,0,
2057513,0,
2057512,0,
2061689,0,
2061523,0,
2062979,1,FAN-OUT
2062822,0,
2061690,0,
2061524,0,
2061688,0,
2062823,0,
2068718,0,
2068683,0,
2068717,0,
2067560,0,
2068825,0,
2067559,0,
2068824,0,
2068719,0,
2067730,0,
2069370,0,
2069371,0,
2068682,0,
2067558,0,
2072767,0,
2072276,0,
2072766,0,
2072277,0,
2071797,0,
2073165,0,
2072275,0,
2071798,0,
2077092,0,
2075242,0,
2077473,1,GATHER-SCATTER
2075867,0,
2077091,0,
1896511,0,
1896512,1,SCATTER-GATHER
2075241,0,
2076529,0,
2075602,0,
2075603,0,
2076530,0,
2077401,0,
2074585,0,
2077400,0,
2074586,0,
2075021,0,
2073950,0,
2075868,0,
2093130,0,
2083441,0,
2091207,0,
2095288,0,
2089715,0,
2080348,0,
2087772,0,
2094212,0,
2088201,0,
2092812,0,
2086482,0,
2083625,0,
2091208,0,
2096127,0,
2078991,0,
2079938,0,
2085046,0,
2077817,0,
2079554,0,
2093359,0,
2089497,0,
2092496,0,
2093358,0,
2086483,0,
2079861,0,
2081675,0,
2087717,0,
2090128,0,
2091527,0,
2085353,0,
2095931,0,
2080349,0,
2086481,0,
2085045,0,
2088566,0,
2083343,0,
2083298,0,
2079519,0,
2091866,0,
2085389,0,
2093298,0,
2092778,0,
2094697,0,
2087434,0,
2093869,0,
2091970,0,
2093039,0,
2080308,0,
2085047,0,
2086645,0,
2088765,0,
2097988,0,
2097989,0,
2097908,0,
2100251,0,
2073419,1,STACK
2098593,0,
2100249,0,
2100250,0,
2097909,0,
2098592,0,
1984628,1,GATHER-SCATTER
2097871,0,
2097911,0,
2096542,0,
2098591,0,
2099058,0,
2097872,0,
2097910,0,
2102966,0,
2101322,0,
2102432,0,
2100626,0,
2102800,0,
2102915,0,
2102801,0,
2102917,0,
2102356,0,
2102431,0,
2102916,0,
2102591,0,
2100625,0,
2102434,0,
2101321,0,
2102965,0,
2102964,0,
2103275,0,
2101092,0,
2101093,0,
2102433,0,
2106966,0,
2104625,0,
2107329,0,
2104626,0,
2105355,0,
2107263,0,
2107328,0,
2107327,0,
2105356,0,
2106965,0,
2106967,0,
2111532,0,
2109999,0,
1731568,1,FAN-OUT
2111533,0,
2110886,0,
2110885,0,
2110001,0,
2108618,0,
2108826,0,
2110000,0,
2108617,0,
2111541,0,
2109998,0,
2108827,0,
2110900,0,
2111542,0,
2111870,0,
2110563,0,
2111070,0,
2108616,0,
2110561,0,
2110562,0,
2110901,0,
2112804,0,
2114367,0,
2112593,0,
2116036,0,
2112592,0,
2113214,0,
2112803,0,
2113213,0,
2112919,0,
2115326,0,
2114368,0,
2116037,0,
2112864,0,
2115323,0,
2112805,0,
2112865,0,
2115324,0,
2115325,0,
2117202,0,
2117184,0,
2119073,0,
1896500,0,
1896501,0,
1896502,1,SCATTER-GATHER
2118059,0,
2119074,0,
2119014,0,
2116797,0,
2119013,0,
2117279,0,
2117203,0,
2117183,0,
2117394,0,
2118608,0,
2118607,0,
2117278,0,
2117393,0,
2121905,0,
2121904,0,
2121858,0,
2122546,0,
2121535,0,
2124281,0,
2121508,0,
2122545,0,
2121857,0,
1998595,1,BIPARTITE
2128579,0,
2126488,0,
2126489,0,
2126492,0,
2126493,0,
2126490,0,
2126491,0,
2126484,0,
2126485,0,
2126486,0,
2126487,0,
2127278,0,
2128740,0,
2132298,0,
2128738,0,
2128737,0,
2131100,0,
2128739,0,
2132211,0,
2132299,0,
2132210,0,
2132632,0,
2129221,0,
1064050,1,FAN-IN
2131640,0,
2129220,0,
318131,1,GATHER-SCATTER
2134467,0,
2134903,0,
318130,1,GATHER-SCATTER
1896494,0,
1896495,1,SCATTER-GATHER
2134906,0,
2135187,0,
2133743,0,
2133744,0,
2136225,0,
2133147,0,
2133807,0,
2134474,0,
2134904,0,
2134475,0,
2133148,0,
2134009,0,
2136584,0,
2134466,0,
2134008,0,
2133808,0,
2134905,0,
2136224,0,
2139671,0,
2138770,0,
2138772,0,
2138769,0,
2137549,0,
2136754,0,
2137681,0,
2137682,0,
2137683,0,
2139793,0,
2136753,0,
2137548,0,
2137680,0,
2138771,0,
2137679,0,
2138773,0,
2143882,0,
2144327,0,
2144688,0,
1808398,0,
1808399,1,BIPARTITE
2144328,0,
2143153,0,
2144072,0,
2143029,0,
2143881,0,
2144507,0,
1484886,0,
1484887,1,STACK
2143152,0,
2144073,0,
2143030,0,
2143744,0,
2143745,0,
2145442,0,
2147692,0,
2146328,0,
2147987,0,
2146803,0,
2147984,0,
2146807,0,
2147985,0,
2147986,0,
2144971,0,
2147691,0,
2145441,0,
2146300,0,
2146806,0,
2146808,0,
2146301,0,
2146302,0,
2144970,0,
2146809,0,
2146327,0,
2151555,0,
2150908,0,
2151554,0,
2150639,0,
2152420,0,
2149502,0,
2150760,0,
2149790,0,
2150907,0,
2149791,0,
2149501,0,
2150640,0,
2148926,0,
2150761,0,
2150909,0,
2148879,0,
2152954,0,
2156306,0,
2153319,0,
2156313,0,
2152668,0,
2153833,0,
2153547,0,
2156510,0,
2152955,0,
2155177,0,
2155179,0,
2153832,0,
2156343,0,
2156307,0,
2153320,0,
2153548,0,
2156314,0,
2156509,0,
2153318,0,
2155178,0,
2156305,0,
2156591,0,
2157470,0,
1577243,1,SCATTER-GATHER
2157469,0,
2156590,0,
2157101,0,
2160256,0,
2158481,0,
2158482,0,
2157176,0,
2157177,0,
2157102,0,
2160257,0,
2160255,0,
2161007,0,
2161034,0,
2161037,0,
2160687,0,
2161014,0,
2161008,0,
2160465,0,
2160688,0,
2161187,0,
2161189,0,
2163636,0,
2163637,0,
1639607,0,
1639608,1,SCATTER-GATHER
2160689,0,
2161035,0,
2162828,0,
2161036,0,
2161188,0,
2162827,0,
2166676,0,
2165514,0,
2167936,0,
2165325,0,
2166482,0,
2165513,0,
2165327,0,
2167935,0,
2166675,0,
1639611,1,SCATTER-GATHER
2165830,0,
2166481,0,
2165326,0,
2166349,0,
2165829,0,
1916072,0,
1916073,1,FAN-IN
2166348,0,
2170168,0,
2171364,0,
2171723,0,
2169343,0,
1896519,0,
1896520,1,SCATTER-GATHER
1960516,0,
2171477,0,
2171735,0,
2171478,0,
2073420,1,STACK
2171365,0,
2171722,0,
1577246,0,
1577247,1,SCATTER-GATHER
1808391,0,
1808392,1,BIPARTITE
2175407,0,
2176078,0,
2175472,0,
2176179,0,
2176076,0,
2176077,0,
2176178,0,
1916074,1,FAN-IN
2175471,0,
2174387,0,
2173416,0,
2173712,0,
2174388,0,
2173415,0,
2175406,0,
2176177,0,
2174386,0,
2176642,0,
2179813,0,
2177931,0,
2177645,0,
2178183,0,
2176563,0,
2178017,0,
2178340,0,
2180164,0,
2176907,0,
2178415,0,
2176641,0,
2176905,0,
2176906,0,
2177875,0,
2176790,0,
2178416,0,
2179815,0,
2176564,0,
2177646,0,
2178184,0,
2179814,0,
2180163,0,
2177932,0,
2180165,0,
2178016,0,
2183878,0,
2183736,0,
1577251,1,SCATTER-GATHER
2181167,0,
2182302,0,
2180869,0,
2183879,0,
2182217,0,
2183735,0,
2182303,0,
2183734,0,
2181168,0,
1808394,1,BIPARTITE
2181317,0,
2182216,0,
2181318,0,
2180955,0,
2180954,0,
2180868,0,
2182189,0,
2188125,0,
1808395,1,BIPARTITE
2185671,0,
2187828,0,
2187737,0,
2187829,0,
2186284,0,
2188126,0,
2188287,0,
1577254,0,
1577255,1,SCATTER-GATHER
2185669,0,
2185670,0,
2188286,0,
2187738,0,
2187827,0,
2192019,0,
1030748,0,
2192018,0,
2190442,0,
2192978,0,
2192858,0,
2195263,0,
2195267,0,
2192977,0,
2192685,0,
2195266,0,
2193624,0,
2192568,0,
2195264,0,
2192569,0,
1896485,1,SCATTER-GATHER
2196201,1,FAN-IN
2193625,0,
2195251,0,
2195252,0,
2193298,0,
2195265,0,
2192857,0,
2199843,0,
2199879,0,
2199880,0,
1392745,0,
1392746,1,SCATTER-GATHER
2199246,0,
2198058,0,
2199877,0,
2199878,0,
2199841,0,
2198930,0,
2198059,0,
2199842,0,
2198929,0,
2199245,0,
2202968,0,
2202330,0,
2200716,0,
2200954,0,
1577259,1,SCATTER-GATHER
2201892,0,
2202608,0,
2202077,0,
2204297,0,
2201891,0,
2200953,0,
2202076,0,
2202332,0,
2200717,0,
2202331,0,
2202969,0,
2201790,0,
2204224,0,
2204225,1,CYCLE
2201191,0,
2201791,0,
2207890,0,
2204622,0,
2205298,0,
2205478,0,
2206399,0,
2207425,0,
2206980,0,
1639618,1,CYCLE
2206921,0,
2207426,0,
2205570,0,
2205309,0,
2206398,0,
2204538,0,
2205277,0,
2205310,0,
2204624,0,
2205278,0,
2205299,0,
2204623,0,
2204537,0,
2205919,0,
2205569,0,
2206485,0,
2207230,0,
2204539,0,
2205477,0,
2206486,0,
2207229,0,
2205297,0,
2207669,0,
2207776,0,
2206756,0,
2207777,0,
2206755,0,
2210250,0,
2210345,0,
2210528,0,
2208615,0,
2211385,0,
2211522,0,
2211623,0,
2212044,0,
2212382,0,
2210527,0,
2211521,0,
2212045,0,
2211386,0,
2212163,0,
2210344,0,
2212259,0,
2210249,0,
2212164,0,
2211388,0,
2210248,0,
2211387,0,
2210694,0,
2209575,0,
2211731,0,
2209576,0,
2211624,0,
2212381,0,
318132,1,GATHER-SCATTER
1916075,0,
1916076,1,FAN-IN
2216643,0,
2215870,0,
2215995,0,
2216641,0,
2215642,0,
2215871,0,
2204226,0,
2204227,1,CYCLE
2215644,0,
2216665,0,
2216666,1,FAN-IN
2216718,0,
2213411,0,
2215643,0,
2216720,0,
2212877,0,
2216644,0,
2212876,0,
2213412,0,
2212879,0,
2216719,0,
2212878,0,
2215996,0,
2218403,1,FAN-OUT
2217979,0,
2217453,0,
2219923,0,
2218347,0,
2218348,0,
2220200,0,
2217981,0,
2217125,0,
2218346,0,
2217980,0,
2219924,0,
2220501,0,
2217126,0,
2220199,0,
2216994,0,
2216995,0,
2219922,0,
2220500,0,
2220503,0,
1808393,1,BIPARTITE
2218897,0,
2217454,0,
2218898,0,
2220502,0,
2224536,0,
595314,0,
595315,1,FAN-IN
1984629,1,GATHER-SCATTER
2223930,0,
2224535,0,
2221282,0,
2221281,0,
2221495,0,
2221283,0,
2223074,0,
2221496,0,
2222027,0,
2223075,0,
2223931,0,
2223929,0,
2224534,0,
2224537,0,
1839125,1,FAN-OUT
2224944,0,
2225012,0,
2224945,0,
2225013,0,
2225011,0,
1577263,0,
1577264,1,SCATTER-GATHER
1896507,0,
1896508,1,SCATTER-GATHER
477797,1,FAN-IN
2232170,0,
2232291,0,
2232292,0,
2231238,0,
2231711,0,
2231239,0,
2232435,0,
1808389,0,
1808390,1,BIPARTITE
2230884,0,
2232169,0,
2228803,0,
2232295,0,
2232296,0,
1896486,0,
1896487,1,SCATTER-GATHER
2228990,0,
2229681,0,
2228991,0,
2232223,0,
1639587,0,
1639588,0,
1639589,1,SCATTER-GATHER
2228804,0,
2229680,0,
2232222,0,
2230413,1,SCATTER-GATHER
2232293,0,
2232294,0,
2232436,0,
2232982,0,
2232984,0,
2236184,0,
2235706,0,
2233041,0,
2233042,0,
2234224,0,
2233918,0,
2236763,0,
2236764,1,CYCLE
2233402,0,
2235324,0,
2236376,0,
2235323,0,
2232983,0,
2236114,0,
2235707,0,
2236115,0,
2233403,0,
2236378,0,
2233043,0,
2233044,0,
2233956,0,
2236377,0,
2235705,0,
2233401,0,
2233919,0,
2233955,0,
2236183,0,
2233045,0,
2233046,0,
2234225,0,
2240562,0,
444471,1,GATHER-SCATTER
2237904,0,
2240560,0,
2240561,0,
2237906,0,
1896509,0,
1896510,1,SCATTER-GATHER
2136585,0,
2240814,0,
2239941,0,
1577268,0,
1577269,1,SCATTER-GATHER
2237905,0,
2239939,0,
2239940,0,
2240813,0,
2243607,0,
2243016,0,
2243591,0,
1896488,0,
1896489,1,SCATTER-GATHER
2243606,0,
2243866,0,
2241731,0,
2241834,0,
2244736,1,RANDOM
2241206,0,
2244729,0,
2244730,1,FAN-OUT
2241101,0,
2244699,0,
1639592,0,
1639593,0,
1639594,1,SCATTER-GATHER
2243340,0,
2243339,0,
2241730,0,
2216667,0,
2216668,1,FAN-IN
2241205,0,
2243590,0,
2243580,0,
2243592,0,
2241102,0,
2244739,1,GATHER-SCATTER
1484888,0,
1484889,1,STACK
2243017,0,
2243581,0,
2245030,0,
2248565,0,
2247560,0,
2248566,0,
2245028,0,
2245634,0,
2247796,0,
2246891,0,
2245181,0,
2245633,0,
2248050,0,
2246890,0,
2245029,0,
2247559,0,
2248051,0,
2248564,0,
2245798,0,
2245180,0,
2247797,0,
2196202,1,FAN-IN
2250874,0,
2250539,0,
2252614,0,
2250525,0,
2249730,0,
2250284,0,
2252613,0,
2250526,0,
2250540,0,
2250283,0,
2252612,0,
2249729,0,
2250727,0,
2251813,0,
2250144,0,
2250145,0,
2250726,0,
2256279,0,
2253735,0,
2255278,0,
2253733,0,
2253957,0,
2253305,0,
2254628,0,
2261040,0,
2259373,0,
2257082,0,
2257278,0,
2259374,0,
2257277,0,
2257342,0,
2257851,0,
2258492,0,
2259315,0,
2259295,0,
2257285,0,
2259125,0,
2259126,0,
2257284,0,
2257852,0,
2260345,0,
2259296,0,
2257341,0,
2258491,0,
2261041,0,
2259127,0,
2260346,0,
2264368,0,
2264748,0,
2264276,0,
2264749,0,
2261979,0,
2262999,0,
2263297,0,
2262965,0,
2264366,0,
2262966,0,
2264277,0,
2264367,0,
2261980,0,
2263296,0,
2262997,0,
2261981,0,
2263295,0,
2267180,0,
2268119,0,
2265742,0,
2265987,0,
2266281,0,
2267675,0,
2268122,0,
2268204,0,
1984630,1,GATHER-SCATTER
2267677,0,
2265986,0,
2265457,0,
2266282,0,
2267177,0,
2268203,0,
2267178,0,
2268120,0,
2268123,0,
2266068,0,
2265770,0,
2267179,0,
2265741,0,
2268121,0,
2267676,0,
2265771,0,
2270584,0,
2271198,0,
2269964,0,
2270585,0,
2271296,0,
2271197,0,
2270995,0,
2272624,0,
2269965,0,
2271196,0,
2271295,0,
2270996,0,
2275507,0,
2275508,0,
2276786,0,
2274387,0,
2274783,0,
2275509,0,
2275510,0,
2276227,0,
2276228,0,
2274782,0,
2275515,0,
2274781,0,
2274731,0,
2274733,0,
2274388,0,
2274730,0,
2275486,0,
2274389,0,
2274397,0,
2274732,0,
2276785,0,
1896505,0,
1896506,1,SCATTER-GATHER
2274396,0,
2277557,0,
2277424,0,
2279694,0,
2278316,0,
2277425,0,
2279750,0,
2277558,0,
2280095,0,
2278317,0,
2280096,0,
2284393,0,
2284533,0,
2282765,0,
2282766,0,
2281968,0,
2281967,0,
2284713,0,
1639619,1,CYCLE
2284711,0,
2283581,0,
2284712,0,
2283717,0,
2283718,0,
2284532,0,
2284534,0,
2285741,0,
2290319,0,
2290563,0,
2295966,0,
2306821,0,
2296688,0,
2299662,0,
2305265,0,
2309722,0,
2286624,0,
2296992,0,
2285491,0,
2288550,0,
2290562,0,
2293778,0,
2298566,0,
2303461,0,
2285381,0,
2285742,0,
2290862,0,
2299246,0,
2303480,0,
2304122,0,
2293750,0,
2302491,0,
2303448,0,
2308106,0,
2285492,0,
2285740,0,
2289031,0,
2293211,0,
2296991,0,
2299663,0,
2305581,0,
2286623,0,
2288549,0,
2309723,0,
2303140,0,
2286323,0,
2300927,0,
2303449,0,
2286625,0,
2302131,0,
2287742,0,
2298260,0,
2301997,0,
2302130,0,
2293246,0,
2296687,0,
2299312,0,
2303460,0,
2305710,0,
2289217,0,
2290380,0,
2295186,0,
2300540,0,
2292124,0,
2300541,0,
2290318,0,
2299690,0,
2305580,0,
2306626,0,
2295628,0,
2305582,0,
2309418,0,
2290863,0,
2301973,0,
2288028,0,
2290381,0,
2295967,0,
2291866,0,
2292123,0,
2292988,0,
2285743,0,
2286622,0,
2295045,0,
2301819,0,
2301998,0,
2305254,0,
2286395,0,
2288192,0,
2295046,0,
2295583,0,
2304208,0,
2288818,0,
2290686,0,
2301972,0,
2309662,0,
2310279,0,
2310815,0,
2318628,0,
2313671,0,
2313912,0,
2319272,0,
2313049,0,
2319322,0,
2313210,0,
2313302,0,
2313670,0,
2318031,0,
2312319,0,
2319273,0,
2315706,0,
2318629,0,
2313211,0,
2318030,0,
2318984,0,
2313303,0,
2314451,0,
2319274,0,
2312294,0,
2313300,0,
2312295,0,
2312320,0,
2316651,0,
2318630,0,
2312424,0,
2313911,0,
2316650,0,
2313645,0,
2319271,0,
2313647,0,
2314450,0,
2313646,0,
2313301,0,
2310717,0,
2312423,0,
2310814,0,
2318157,0,
2310718,0,
2313048,0,
2319321,0,
2323332,0,
2323179,0,
2323333,0,
2320228,0,
2323643,0,
2323644,0,
2328483,0,
2322641,0,
2326678,0,
2320738,0,
2321548,0,
2323432,0,
2324962,0,
2325618,0,
2325619,0,
2323433,0,
2325617,0,
2323641,0,
2323642,0,
2326084,0,
2328481,0,
2328844,0,
2326083,0,
2326541,0,
2321116,0,
2328680,0,
2326542,0,
2322064,0,
2327551,0,
2328482,0,
2327552,0,
2321101,0,
2326679,0,
1577212,0,
1577213,1,SCATTER-GATHER
2327553,0,
2320739,0,
2321100,0,
2321549,0,
2326082,0,
2328740,0,
2320399,0,
2328741,0,
2320227,0,
2322065,0,
2321114,0,
2321115,0,
2326081,0,
2337408,0,
2337715,0,
2337790,0,
2337370,0,
2337407,0,
2338734,0,
2338748,0,
2337708,0,
2333073,0,
2334032,0,
2334751,0,
2335882,0,
2338735,0,
2331224,0,
2331543,0,
2331542,0,
2332685,0,
2337920,0,
2330842,0,
2334750,0,
2338510,0,
2332686,0,
2335555,0,
2333074,0,
2335556,0,
2335881,0,
2337713,0,
2337921,0,
2338511,0,
2330841,0,
2332282,0,
2331225,0,
2335883,0,
2337371,0,
2337714,0,
2329880,0,
2331446,0,
2337709,0,
1896498,0,
1896499,1,SCATTER-GATHER
2329879,0,
2331557,0,
2335880,0,
2337791,0,
2331445,0,
2331558,0,
2343623,0,
2343352,0,
2340484,0,
2346031,0,
2340807,0,
2346032,0,
2346495,0,
2342030,0,
2340125,0,
2340806,0,
2345229,0,
2343817,0,
2348639,0,
2341047,0,
2345268,0,
2345267,0,
2347673,0,
2343816,0,
2340485,0,
2345228,0,
2342302,0,
2348151,0,
2341048,0,
2347672,0,
2343353,0,
2340124,0,
2340470,0,
2346496,0,
2340469,0,
2347671,0,
2348152,0,
2351219,0,
2358152,0,
2351697,0,
2351699,0,
2350728,0,
2355927,0,
2358154,0,
2348846,0,
2357707,0,
2358153,0,
2349269,0,
2351218,0,
2350729,0,
2349267,0,
2352488,0,
2355646,0,
2355647,0,
2357137,0,
2354052,0,
2352489,0,
2010286,1,BIPARTITE
2354050,0,
2351169,0,
2352574,0,
2354049,0,
2348845,0,
2351170,0,
2348847,0,
2352575,0,
2357708,0,
2353575,0,
2353576,0,
2354051,0,
2349268,0,
2357136,0,
2360562,0,
2361050,0,
2365993,0,
2366539,0,
2363602,0,
2364129,0,
2364876,0,
2361615,0,
2361048,0,
2363591,0,
2367172,0,
2367951,0,
2361199,0,
2365994,0,
2367542,0,
2360844,0,
2367526,0,
2359886,0,
2362138,0,
2359353,0,
2367527,0,
2362137,0,
2363047,0,
2367174,0,
2368372,0,
2368370,0,
2367543,0,
2367952,0,
2363603,0,
2361616,0,
2363049,0,
2360845,0,
2364130,0,
2367216,0,
2360563,0,
2363592,0,
2368371,0,
2364131,0,
2364140,0,
2367541,0,
2367173,0,
2367435,0,
2367436,0,
2359885,0,
2366540,0,
2364139,0,
2368254,0,
2363048,0,
2367525,0,
2371542,0,
2371543,0,
2377100,0,
2369309,0,
2371702,0,
2374337,0,
2377067,0,
2372688,0,
2369308,0,
2372421,0,
2372687,0,
2371704,0,
2375918,0,
2375564,0,
2376458,0,
2374787,0,
2374958,0,
2376617,0,
2369336,0,
2372125,0,
2370928,0,
2376452,0,
2376618,0,
2372420,0,
2372979,0,
2374335,0,
2369337,0,
2371705,0,
2377101,0,
2371701,0,
2371703,0,
2372767,0,
2375917,0,
2374336,0,
2370927,0,
2377068,0,
2376459,0,
2374960,0,
2374786,0,
2374959,0,
2383881,0,
2383883,0,
2378803,0,
2379860,0,
2379781,0,
2383652,0,
2383653,0,
2378804,0,
2382884,0,
2386707,0,
2385641,0,
2387096,0,
2381500,0,
2383325,0,
2379668,0,
2379670,0,
2383250,0,
2382621,0,
2383882,0,
2381420,0,
2383654,0,
2380836,0,
2382883,0,
2386706,0,
2387094,0,
2387095,0,
2381421,0,
2379669,0,
2384975,0,
2386276,0,
2383249,0,
2384974,0,
2379861,0,
2380834,0,
2385982,0,
2386708,0,
2380835,0,
2383324,0,
2386277,0,
2387721,0,
2387722,1,GATHER-SCATTER
2385640,0,
2393167,0,
2390105,0,
2393261,0,
2391014,0,
2394768,0,
2396823,0,
2395777,0,
2389875,0,
2394767,0,
2397659,0,
2392195,0,
2393260,0,
2391013,0,
2396302,0,
2395699,0,
2395776,0,
2393318,0,
2396824,0,
2388221,0,
2388222,0,
2389310,0,
2391870,0,
2390104,0,
2397082,0,
2392840,0,
2397154,0,
2392196,0,
2393319,0,
2394766,0,
2395698,0,
2389005,0,
2393259,0,
2392839,0,
2393166,0,
2396822,0,
2389309,0,
2397155,0,
2393262,0,
2389004,0,
2236765,0,
2236766,1,CYCLE
2392197,1,SCATTER-GATHER
2395700,0,
2389874,0,
2392838,0,
2397603,0,
2397604,1,RANDOM
2393258,0,
2399181,0,
2399182,0,
2399646,0,
2403589,0,
2397905,0,
2403536,0,
2407242,0,
2398540,0,
2405773,0,
2403590,0,
1577216,0,
1577217,1,SCATTER-GATHER
2403190,0,
2405590,0,
2405589,0,
2407243,0,
2406372,0,
2401852,0,
2399183,0,
2404201,0,
2398040,0,
2399645,0,
2404919,0,
2405772,0,
2406357,0,
2397906,0,
2404026,0,
2400202,0,
2404665,0,
2406358,0,
2399956,0,
2398299,0,
2404027,0,
2398541,0,
2399957,0,
2407241,0,
2404200,0,
2401853,0,
2403537,0,
2412949,0,
2411376,0,
2416792,0,
2409207,0,
2412946,0,
2413429,0,
2407725,0,
2417386,0,
2410130,0,
2411352,0,
2412947,0,
2413905,0,
2412495,0,
2413906,0,
2413907,0,
2417387,0,
2413431,0,
2409208,0,
2414823,0,
2414827,0,
2417037,0,
2414713,0,
2414824,0,
2412496,0,
2414828,0,
2416904,0,
2416793,0,
2410131,0,
2411325,0,
2414714,0,
2411326,0,
2412494,0,
2416574,0,
2411375,0,
1639620,1,CYCLE
2415132,0,
2416903,0,
2413430,0,
2411353,0,
2412948,0,
2415133,0,
2424280,0,
2422428,0,
2423027,0,
2426934,0,
2420091,0,
2421750,0,
2423986,0,
2424489,0,
2425137,0,
2417976,0,
2418052,0,
2420136,0,
2418962,0,
2421561,0,
2418937,0,
2419554,0,
2423985,0,
2424281,0,
2426951,0,
2422105,0,
2422106,0,
2423786,0,
1577220,0,
1577221,0,
1577222,1,SCATTER-GATHER
2420135,0,
2420138,0,
2420062,0,
2420090,0,
2418961,0,
2425136,0,
2426929,0,
2426930,1,SCATTER-GATHER
2422801,0,
2419877,0,
2419929,0,
2422705,0,
2422800,0,
2418083,0,
2418936,0,
2418191,0,
2424490,0,
2417977,0,
2418082,0,
2420063,0,
2422239,0,
2419553,0,
2421562,0,
2419878,0,
2421560,0,
2421563,0,
2421751,0,
2422443,0,
2423982,0,
2418190,0,
2422238,0,
2422444,0,
2419928,0,
2422427,0,
2431152,0,
2431153,0,
2432794,0,
2432048,0,
2428250,0,
2428473,0,
2430155,0,
2434378,0,
2436614,0,
2428736,0,
2428248,0,
2428464,0,
1639597,0,
1639598,1,SCATTER-GATHER
2433733,0,
2428048,0,
2430154,0,
2431837,0,
2428047,0,
2435593,0,
2428463,0,
2428249,0,
2434377,0,
2434556,0,
2434557,0,
2436617,0,
2012559,1,CYCLE
2432793,0,
2428474,0,
2429494,0,
2436616,0,
2440709,0,
2445463,0,
2439909,0,
2440707,0,
2443783,0,
1916077,0,
1916078,1,FAN-IN
2442279,0,
2442280,0,
2446186,0,
2441618,0,
2446297,0,
2446171,0,
2441619,0,
2445322,0,
2440706,0,
2442514,0,
2445321,0,
2439268,0,
2443784,0,
2445461,0,
2446170,0,
2445923,0,
2442329,0,
2446009,0,
2446010,0,
2441617,0,
2445462,0,
2439908,0,
2446187,0,
2445922,0,
2439267,0,
2446008,0,
2440708,0,
2442515,0,
2446298,0,
2453483,0,
2453940,0,
2453942,0,
2455157,0,
2454630,0,
2455771,0,
2448363,0,
2455585,0,
2456053,1,FAN-IN
2453738,0,
2455156,0,
2446910,0,
2455770,0,
2453507,0,
2448988,0,
2446909,0,
2450593,0,
2454628,0,
2455154,0,
2448245,0,
2450546,0,
2453835,0,
2453526,0,
2456156,0,
2455925,0,
2452673,0,
2456270,0,
2453482,0,
2455155,0,
2448364,0,
2452672,0,
2451315,0,
2451518,0,
2453646,0,
2447383,0,
2448244,0,
2453739,0,
2447384,0,
2450594,0,
2453941,0,
2453644,0,
2454629,0,
2447385,0,
2450547,0,
2453525,0,
2453836,0,
2453645,0,
2455924,0,
2451314,0,
2456271,0,
2453509,0,
2446911,0,
2453508,0,
2453524,0,
2455926,0,
2462825,0,
2463462,0,
2465981,0,
2463738,0,
2462093,0,
2456680,0,
2457752,0,
2465788,0,
2462826,0,
2458382,0,
2457151,0,
2457152,0,
2460486,0,
2457864,0,
2460074,0,
2457751,0,
1896517,0,
1896518,1,SCATTER-GATHER
2465789,0,
2465980,0,
2460485,0,
2463463,0,
2460024,0,
2459732,0,
2460487,0,
2464715,0,
1962284,1,BIPARTITE
2464716,0,
2456681,0,
2459731,0,
2457153,0,
2457154,0,
2460073,0,
2458381,0,
2462094,0,
2466668,0,
2468244,0,
2470924,0,
2473196,0,
2469913,0,
2467295,0,
2469932,0,
2470067,0,
2471585,0,
2466669,0,
2468246,0,
2469039,0,
2469912,0,
2470320,0,
2466861,0,
2466862,0,
2471584,0,
2468176,0,
2471000,0,
2472893,0,
2469038,0,
2469931,0,
2469658,0,
2468175,0,
2470024,0,
2469911,0,
2470321,0,
2473798,0,
2469656,0,
2467297,0,
2469655,0,
2467296,0,
2470066,0,
2473195,0,
2467328,0,
2470025,0,
2471001,0,
2472894,0,
2468245,0,
2470925,0,
2468247,0,
2467298,0,
2469657,0,
2483089,0,
2482593,0,
2481402,0,
2484885,0,
2476826,0,
2485511,0,
2480491,0,
2485144,0,
2484049,0,
2485053,0,
2481861,0,
2538972,1,GATHER-SCATTER
2478761,0,
2479703,0,
2485965,0,
2478281,0,
2481862,0,
2484433,0,
2485966,0,
2480232,0,
2484053,0,
2477211,0,
2481401,0,
2478279,0,
2479702,0,
2478745,0,
2483792,0,
2484884,0,
2484886,0,
2482594,0,
2484054,0,
2484883,0,
2485509,0,
2478760,0,
2484052,0,
2477210,0,
2478280,0,
2480231,0,
2485145,0,
2484434,0,
2485510,0,
2488930,0,
2493559,0,
2488932,0,
2489690,0,
2489691,0,
2495499,0,
2489688,0,
2494280,0,
2494369,0,
2494793,0,
2489692,0,
2488532,0,
2490333,0,
2494281,0,
2489136,0,
2494725,0,
2491720,0,
2494724,0,
2488929,0,
2494726,0,
2489689,0,
2492289,0,
2491721,0,
2490323,0,
2493560,0,
2495502,0,
2489694,0,
2490332,0,
2489687,0,
2491204,0,
2494434,0,
2489135,0,
2490628,0,
2491203,0,
2492290,0,
2495501,0,
2490627,0,
2492302,0,
2494435,0,
2488931,0,
2489693,0,
2492303,0,
2495500,0,
2488533,0,
2496413,0,
2498142,0,
2498380,0,
2505440,0,
2505439,0,
2502105,0,
2505558,0,
2498968,0,
2503745,0,
2496251,0,
2500335,0,
2498059,0,
2498969,0,
2502106,0,
2504029,0,
2496048,0,
2498060,0,
2500394,0,
2504291,0,
2496489,0,
2496047,0,
2498966,0,
2504030,0,
2496490,0,
2498512,0,
2500318,0,
2498967,0,
2500334,0,
2500021,0,
2500022,0,
2496250,0,
2498143,0,
2500679,0,
2505557,0,
2500316,0,
2504290,0,
2496414,0,
2503744,0,
2509901,0,
2507441,0,
2513750,0,
2506241,0,
2506261,0,
2506262,0,
2513847,0,
2511886,0,
2512176,0,
2510138,0,
2511265,0,
2506239,0,
2509938,0,
2511292,0,
2506161,0,
2506265,0,
2506240,0,
2506263,0,
2511887,0,
2509900,0,
2506264,0,
2513848,0,
2510389,0,
2513749,0,
2506159,0,
2511293,0,
2512175,0,
2513846,0,
2506160,0,
2511266,0,
2509570,0,
2510388,0,
2507632,0,
2506158,0,
2507188,0,
2508926,0,
2509569,0,
2513751,0,
2509937,0,
2510139,0,
2507442,0,
2519106,0,
2519066,0,
2519344,0,
2517075,0,
2524017,0,
2522209,0,
2515471,0,
1577225,0,
1577226,1,SCATTER-GATHER
2518194,0,
2522210,0,
2519860,0,
2519861,0,
2515472,0,
2521105,0,
2524016,0,
2522208,0,
2517074,0,
2519107,0,
2518195,0,
2530143,0,
2533066,0,
2528579,0,
2528792,0,
2530142,0,
2534517,0,
2534566,0,
2527770,0,
2532511,0,
2528791,0,
2532309,0,
2527509,0,
2529129,0,
2528580,0,
2527319,0,
2525762,0,
2527320,0,
2533580,0,
2527771,0,
2527775,0,
2534569,0,
1924328,0,
1924329,1,FAN-IN
2534516,0,
2525763,0,
2532307,0,
2533581,0,
2534859,0,
2527021,0,
2529662,0,
2527508,0,
2532306,0,
2534894,0,
2527022,0,
2527943,0,
2534567,0,
1522383,1,CYCLE
2530114,0,
2530141,0,
2531987,0,
2531985,0,
2531986,0,
2532512,0,
2534568,0,
2527942,0,
2534858,0,
2534893,0,
2527774,0,
2528790,0,
2529130,0,
2532308,0,
2539485,0,
2542169,0,
2538925,0,
2542216,0,
2536765,0,
2538774,0,
1916079,0,
1916080,1,FAN-IN
2542652,0,
2542651,0,
2536703,0,
2538971,1,GATHER-SCATTER
2544199,0,
2538901,0,
2544197,0,
2537599,0,
2537430,0,
2543805,0,
2543806,0,
2538775,0,
2538776,0,
2537429,0,
1577229,0,
1577230,1,SCATTER-GATHER
2539042,0,
2541272,0,
2536766,0,
2536177,0,
2536702,0,
2543803,0,
2543804,0,
2541271,0,
2541886,0,
2538924,0,
2539041,0,
2537549,0,
2538902,0,
2536178,0,
2544198,0,
2545699,0,
2548240,0,
2551552,0,
2553972,0,
2553971,0,
2547676,0,
2553647,0,
2546769,0,
2549988,0,
2550509,0,
2551458,0,
2549170,0,
2547675,0,
2550510,0,
2545944,0,
2551575,0,
2545886,0,
2546122,0,
2545887,0,
2547490,0,
2548407,0,
2549989,0,
2551459,0,
2551551,0,
2545943,0,
2553648,0,
2553973,0,
2546770,0,
2550508,0,
2552561,0,
1984631,1,GATHER-SCATTER
2551457,0,
2551576,0,
2552562,0,
2548241,0,
2546123,0,
2554433,0,
2562615,0,
2562617,0,
2556563,0,
2556265,0,
2558389,0,
2554838,0,
2562250,0,
2558388,0,
2562251,0,
2558040,0,
2554432,0,
2558041,0,
2562616,0,
2554531,0,
2556264,0,
2554530,0,
2565467,0,
2565286,0,
2565284,0,
2568366,0,
2571043,0,
2564139,0,
2570071,0,
2571042,0,
2564142,0,
2571045,0,
2565285,0,
2564538,0,
2568447,0,
2568280,0,
2568279,0,
2571046,0,
2569693,0,
2571044,0,
2564140,0,
2569581,0,
2569692,0,
2564537,0,
2566064,0,
2569580,0,
2569582,0,
2564141,0,
2568367,0,
2565468,0,
2568446,0,
2575933,0,
2576086,0,
2577385,0,
2574253,0,
2575245,0,
2576060,0,
2577387,0,
2583198,0,
2576912,0,
2576058,0,
2576062,0,
2577386,0,
2575934,0,
2574252,0,
2574865,0,
2576059,0,
2579834,0,
2576913,0,
2576043,0,
2574866,0,
2576042,0,
2579245,0,
2583197,0,
1577233,0,
1577234,1,SCATTER-GATHER
2575681,0,
2578144,0,
2578145,0,
2582731,0,
2575246,0,
2582730,0,
2575680,0,
2582729,0,
2576103,0,
2576087,0,
2581835,0,
2576041,0,
2578147,0,
2579246,0,
2579832,0,
2576104,0,
2574496,0,
2574497,0,
2579833,0,
2578146,0,
2576061,0,
2585013,0,
2588297,0,
2588492,0,
2592390,0,
2585302,0,
2588575,0,
2584823,0,
2585228,0,
2589916,0,
2592368,0,
2592416,0,
2585227,0,
2587467,0,
2592391,0,
2592392,0,
2583640,0,
2592417,0,
2585303,0,
602698,1,STACK
2589069,0,
2590432,0,
2588573,0,
2588574,0,
2584093,0,
2589917,0,
2590433,0,
2587406,0,
2587407,0,
2588493,0,
2589915,0,
2589264,0,
2584092,0,
2588296,0,
2583639,0,
2588572,0,
2589070,0,
2589175,0,
2589265,0,
2592323,0,
2585304,0,
2592687,0,
1577237,0,
1577238,0,
1577239,1,SCATTER-GATHER
2592415,0,
2348518,0,
2348519,1,BIPARTITE
2584176,0,
2584175,0,
2584824,0,
2586059,0,
2589176,0,
2586060,0,
2587466,0,
2592322,0,
2600864,0,
2595080,0,
2600116,0,
2595178,0,
2600940,0,
2598875,0,
2596146,0,
2594148,0,
2595069,0,
2599624,0,
2600117,0,
2594471,0,
2601247,0,
2594473,0,
2593469,0,
2595179,0,
2601000,0,
2597221,0,
2598874,0,
2595068,0,
2600962,0,
2600963,0,
2601572,0,
2594147,0,
2594149,0,
2595177,0,
1577273,1,CYCLE
2600999,0,
2598095,0,
2593468,0,
2594146,0,
2595176,0,
2595067,0,
2599625,0,
2600118,0,
2601246,0,
2598096,0,
2601573,0,
2595079,0,
2600863,0,
2600941,0,
2594472,0,
2601248,0,
2596145,0,
2596318,0,
2609842,0,
2612343,0,
2605637,0,
2606211,0,
2605638,0,
2603503,0,
2604371,0,
2609031,0,
2609843,0,
1030764,1,STACK
2604370,0,
2606654,0,
2611805,0,
2612344,0,
2616584,1,GATHER-SCATTER
2606655,0,
2611371,0,
2605866,0,
2611372,0,
2605865,0,
2609845,0,
2609030,0,
2603504,0,
2611804,0,
2608282,0,
2608280,0,
2608886,0,
2608887,0,
2609841,0,
2608885,0,
2609844,0,
2608281,0,
2348509,0,
2348510,1,BIPARTITE
2617928,0,
2617556,0,
2617559,0,
2616224,0,
2620798,0,
2621766,0,
2618927,0,
2620027,0,
2614186,0,
2616583,1,GATHER-SCATTER
2620488,0,
2616097,0,
2621767,0,
2616225,0,
2616308,0,
2204228,0,
2204229,1,CYCLE
2620489,0,
2348511,1,BIPARTITE
2618928,0,
2620567,0,
2616307,0,
2617557,0,
2617929,0,
2621964,0,
2621965,1,CYCLE
2614184,0,
2616096,0,
2617020,0,
2617019,0,
1577241,0,
1577242,1,SCATTER-GATHER
2620026,0,
2617558,0,
2620799,0,
2614185,0,
2620374,0,
2620375,0,
2621441,0,
2623999,0,
2631332,0,
2629423,0,
2629804,0,
2622718,0,
2627164,0,
2622707,0,
2627392,0,
2629292,0,
2630541,0,
2236767,0,
2236768,1,CYCLE
2622706,0,
2629568,0,
2622324,0,
2627393,0,
2073417,1,STACK
2623998,0,
2625065,0,
2628973,0,
2630230,0,
2628972,0,
2224632,0,
2224633,1,BIPARTITE
2625066,0,
2629566,0,
2630539,0,
2623996,0,
2627163,0,
2132667,1,STACK
2629293,0,
2629422,0,
2622719,0,
2625419,0,
2630231,0,
2630540,0,
2624804,0,
2623997,0,
2624803,0,
2629567,0,
2631333,0,
2634914,0,
2635586,0,
2639185,0,
2632625,0,
2636178,0,
2634915,0,
2639529,0,
2639920,0,
2632624,0,
2639530,0,
2639850,0,
2635062,0,
2635096,0,
2638039,0,
2639921,0,
2633898,0,
2636177,0,
2634345,0,
2635073,0,
2635075,0,
2632727,0,
1892455,1,SCATTER-GATHER
2633167,0,
2635061,0,
2638040,0,
2632465,0,
2637486,0,
2639186,0,
2633899,0,
2638918,0,
2632728,0,
2635095,0,
2635585,0,
2636791,0,
2635063,0,
2632466,0,
2639922,0,
2632467,0,
2632729,0,
2635074,0,
2635584,0,
2639849,0,
2645337,0,
2645338,0,
2642249,0,
2642634,0,
2642636,0,
2645336,0,
2646908,0,
2644293,0,
2642248,0,
2644292,0,
2649502,0,
2642449,0,
2651134,0,
2643199,0,
2644294,0,
2644499,0,
2642025,0,
2643599,0,
2649336,0,
2642448,0,
2648011,0,
2645724,0,
2648940,0,
2648012,0,
2641740,0,
2649501,0,
2644500,0,
2643200,0,
2651132,0,
2642247,0,
2642633,0,
2647232,0,
2647794,0,
2641741,0,
2642026,0,
2645339,0,
2651135,0,
2642635,0,
2649500,0,
2651133,0,
2646906,0,
2647233,0,
2648939,0,
2645725,0,
2647795,0,
2651749,0,
2655314,0,
2651545,0,
2651815,0,
2653889,0,
2656318,0,
2656321,0,
2656320,0,
2658496,0,
2660121,0,
2652126,0,
2652127,0,
2656571,0,
2659860,0,
2652124,0,
2652125,0,
2655316,0,
2657327,0,
2655313,0,
2655315,0,
2659926,0,
2659944,0,
2659945,0,
2656569,0,
2659946,0,
2659947,0,
2659925,0,
2651669,0,
2651668,0,
2651816,0,
2651750,0,
2651670,0,
2660122,0,
2659861,0,
2653890,0,
2656319,0,
2658495,0,
2652122,0,
2652123,0,
2656570,0,
2651751,0,
2657326,0,
2665310,0,
2668090,0,
2665612,0,
2662356,0,
2661622,0,
2662879,0,
1896483,0,
1896484,1,SCATTER-GATHER
2661937,0,
2670329,1,CYCLE
2665309,0,
2669739,0,
2662878,0,
2665613,0,
2668091,0,
2663416,0,
2661623,0,
2665611,0,
2666789,0,
2669738,0,
2661936,0,
2663415,0,
2675388,0,
2675389,0,
2673326,0,
2673397,0,
2674421,0,
2674643,0,
2679191,0,
2675020,0,
2673399,0,
2679190,0,
2673325,0,
2675019,0,
2673398,0,
2676968,0,
2673324,0,
2676969,0,
2676970,0,
2678850,0,
2672599,0,
2674642,0,
2672598,0,
2674422,0,
2348499,0,
2348500,1,BIPARTITE
2675390,0,
2675391,0,
2675645,0,
2678851,0,
1904418,1,FAN-OUT
2675386,0,
2675387,0,
2675392,0,
2675393,0,
2675384,0,
2675385,0,
2672738,0,
2675646,0,
1639600,0,
1639601,1,SCATTER-GATHER
2673396,0,
2674644,0,
2685620,0,
2683599,0,
2680744,0,
2686875,0,
2682986,0,
2683598,0,
2204230,1,CYCLE
2686617,0,
2685385,0,
2685169,0,
2685384,0,
2683505,0,
2681593,0,
2685168,0,
2686876,0,
2688630,0,
2688631,0,
2688861,0,
2688658,0,
2348505,0,
2348506,1,BIPARTITE
2681591,0,
2682987,0,
2688836,0,
2683506,0,
2688657,0,
2681545,0,
2683504,0,
2680855,0,
2688860,0,
2688862,0,
2681594,0,
2682685,0,
2682686,0,
2680856,0,
2681592,0,
2688626,0,
2688627,0,
2688835,0,
2681544,0,
2680745,0,
2680746,0,
2681543,0,
2688628,0,
2688629,0,
2695529,0,
2691401,0,
2692613,0,
2693096,0,
2698715,0,
2697387,0,
2698005,0,
2692710,0,
2694075,0,
2699035,0,
2690202,0,
2695332,0,
2697386,0,
2693653,0,
2691345,0,
2691514,0,
2692858,0,
2691399,0,
2692856,0,
2695334,0,
2697840,0,
2692612,0,
2690550,0,
2692941,0,
2691347,0,
2692611,0,
2692857,0,
2695333,0,
2697842,0,
2698004,0,
2693652,0,
2694345,0,
2691400,0,
2694344,0,
2697843,0,
2690201,0,
2692609,0,
2692709,0,
2693095,0,
2697388,0,
2697841,0,
2692610,0,
2691513,0,
2690203,0,
2698006,0,
1577244,0,
1577245,1,SCATTER-GATHER
2700587,0,
2700642,0,
2704802,0,
2708824,0,
2708827,0,
2702434,0,
2703556,0,
2703825,0,
2704557,0,
2704803,0,
2703268,0,
2702266,0,
2703824,0,
2701512,0,
2704339,0,
2707209,0,
2700453,0,
2700643,0,
2700243,0,
2702264,0,
2702435,0,
2708825,0,
2708826,0,
1896523,0,
1896524,1,SCATTER-GATHER
2701513,0,
2702684,0,
2703555,0,
2703826,0,
2700586,0,
2701373,0,
2704927,0,
2707776,0,
2708113,0,
2701372,0,
2704338,0,
2704926,0,
2706742,0,
2703266,0,
2703470,0,
2703471,0,
2704800,0,
2704801,0,
2706741,0,
2707207,0,
2707208,0,
2702436,0,
2703267,0,
2704925,0,
2702683,0,
2704558,0,
2707775,0,
2700641,0,
2702265,0,
2709918,0,
2716560,0,
2716268,0,
2716267,0,
2716687,0,
2711077,0,
2714562,0,
2714748,0,
2715965,0,
2716290,0,
2709729,0,
2711948,0,
2716427,0,
2711515,0,
2709703,0,
2716349,0,
2718822,0,
2709919,0,
2715964,0,
2709706,0,
2716601,0,
2714563,0,
2716600,0,
2716350,0,
2716561,0,
2718823,0,
2716291,0,
2718791,0,
2711067,0,
2718792,0,
2709704,0,
2716688,0,
2711076,0,
2716686,0,
2711514,0,
2712932,0,
2712934,0,
2712650,0,
2712933,0,
2712935,0,
2721307,0,
2723288,0,
2723905,0,
2728225,0,
2720933,0,
2723904,0,
2722631,0,
2720403,0,
2722953,0,
2724075,0,
2726981,0,
2720677,0,
2722630,0,
2726464,0,
2721909,0,
2722421,0,
2728224,0,
2722498,0,
2723048,0,
2727493,0,
2727361,0,
2727495,0,
2722367,0,
2723926,0,
2722368,0,
2723903,0,
2721305,0,
2721481,0,
2722422,0,
2721480,0,
2722499,0,
2720402,0,
2720678,0,
2720679,0,
2726465,0,
2726982,0,
2721306,0,
2723927,0,
2721910,0,
2727494,0,
2727360,0,
2720934,0,
2722954,0,
2722988,0,
2723047,0,
2724076,0,
2735360,0,
2348503,0,
2348504,1,BIPARTITE
2731437,0,
2348497,0,
2348498,1,BIPARTITE
2733732,0,
2733733,0,
2728931,0,
2730270,0,
2733750,0,
2734433,0,
2729165,0,
2730646,0,
2735361,0,
2729163,0,
2732558,0,
2735240,0,
2729225,0,
2732469,0,
2729226,0,
2735841,0,
2735842,0,
2728932,0,
2735239,0,
2731404,0,
2731405,0,
2732557,0,
2729164,0,
2729417,0,
2736088,0,
1896481,0,
1896482,1,SCATTER-GATHER
2730269,0,
2731436,0,
2732468,0,
2734434,0,
2729416,0,
2733731,0,
2733749,0,
2729227,0,
2729418,0,
2744323,0,
2738705,0,
2739391,0,
2743103,0,
2744035,0,
2744324,0,
2744322,0,
2743202,0,
2746425,0,
2739916,0,
2744286,0,
2746921,0,
2739841,0,
2739915,0,
2742456,0,
2743024,0,
2744325,0,
2745767,0,
2741802,0,
2739390,0,
2740260,0,
2743023,0,
2744287,0,
2745294,0,
2740761,0,
2741945,0,
2742455,1,
2744321,0,
2739840,0,
2740259,0,
2741946,0,
2744034,0,
2743102,0,
2740762,0,
2746424,0,
2745766,0,
2748835,0,
2753673,0,
2753676,0,
2756426,0,
2750166,0,
2750167,0,
2757654,0,
2748454,0,
2748834,0,
2751185,0,
2751257,0,
2752036,0,
2753074,0,
2748609,0,
2751195,0,
2751258,0,
2755577,0,
2750062,0,
2748610,0,
2752035,0,
2754087,0,
2757789,1,GATHER-SCATTER
2748455,0,
2752037,0,
2753073,0,
2748456,0,
2750061,0,
2752393,0,
2755576,0,
2748453,0,
2750060,0,
2751196,0,
2748608,0,
2757655,0,
2753072,0,
2752394,0,
2753075,0,
2753675,0,
2752034,0,
2753674,0,
2748836,0,
2759913,0,
2762036,0,
2765274,0,
2766759,0,
2767369,0,
2766915,0,
2766933,0,
2760243,0,
2758197,0,
2758198,0,
2759872,0,
2760147,0,
2760148,0,
2765496,0,
2764747,0,
2767262,0,
2759912,0,
2762037,0,
2763124,0,
2764972,0,
2760244,0,
2763123,0,
2766916,0,
2765273,0,
2766758,0,
2759871,0,
2759911,0,
2764053,0,
2764054,0,
2767855,0,
2760146,0,
2763606,0,
2763607,0,
2763608,0,
2763609,0,
2765495,0,
2758287,0,
2762109,1,FAN-IN
2764748,0,
2764971,0,
2767856,0,
2764749,0,
2769269,0,
2771394,0,
2773862,0,
2783065,0,
2787910,0,
2777137,0,
2778037,0,
2785846,0,
2768108,0,
2786473,0,
2775455,0,
2773091,0,
2776228,0,
2780325,0,
2791617,0,
2769650,0,
2772831,0,
2776104,0,
2777136,0,
2784869,0,
2787685,0,
2790040,0,
2773197,0,
2777459,0,
2780323,0,
2770621,0,
2784762,0,
2791970,0,
2777835,0,
2780324,0,
2781667,0,
2767896,0,
2773583,0,
2782101,0,
2783644,0,
2787687,0,
2790041,0,
2768283,0,
2769270,0,
2775745,0,
2779444,0,
2782099,0,
2791969,0,
2768070,0,
2785847,0,
2775318,0,
2777407,0,
2769952,0,
2773584,0,
2787686,0,
2787911,0,
1577248,0,
1577249,0,
1577250,1,SCATTER-GATHER
2769271,0,
2790919,0,
2770803,0,
2777994,0,
2782992,0,
2204231,0,
2204232,0,
2204233,1,CYCLE
2768109,0,
2777135,0,
2768918,0,
2782100,0,
2789588,0,
2791863,0,
2777460,0,
2787589,0,
2775454,0,
2787585,0,
2790373,0,
2772875,0,
2782102,0,
2782991,0,
2783066,0,
2783369,0,
2787912,0,
2782173,0,
2783064,0,
2768282,0,
2770428,0,
2774835,0,
2778535,0,
2786566,0,
2769389,0,
2769390,0,
2784185,0,
2790044,0,
2770358,0,
2773090,0,
2773767,0,
2773861,0,
2794631,0,
2797444,0,
2796004,0,
2800044,0,
2792400,0,
2795974,0,
2795751,0,
2792237,0,
2795072,0,
2800011,0,
2792238,0,
2792384,0,
2800013,0,
2800012,0,
2792239,0,
2792401,0,
2799177,0,
2796840,0,
2794373,0,
2794765,0,
2798467,0,
2801380,0,
2800043,0,
2792382,0,
2794999,0,
2799176,0,
2792240,0,
2796985,0,
2796005,0,
2801379,0,
2794764,0,
2794038,0,
2797443,0,
2798468,0,
2794632,0,
2795750,0,
2794214,0,
2792383,0,
2794037,0,
2796986,0,
2796839,0,
2803685,0,
2808601,0,
2809997,0,
2810357,0,
2809995,0,
2808288,0,
2802087,0,
2811467,0,
2802070,0,
2807799,0,
2807800,0,
2803949,0,
2805410,0,
2802076,0,
2808600,0,
1577252,0,
1577253,1,SCATTER-GATHER
2809937,0,
2808289,0,
2809996,0,
2805409,0,
2804398,0,
2810358,0,
2803948,0,
2807054,0,
2809938,0,
2808290,0,
2802077,0,
2804399,0,
2811466,0,
2811773,0,
2815771,0,
2820792,0,
2820831,0,
2813774,0,
2818321,0,
2820094,0,
2813777,0,
2818322,0,
2818407,0,
2818473,0,
2819330,0,
2813776,0,
2820236,0,
2819633,0,
2812868,0,
2813057,0,
2814181,0,
2821099,1,SCATTER-GATHER
2817248,0,
2820093,0,
2812346,0,
2815602,0,
2817456,0,
2818659,0,
2812192,0,
2811772,0,
2818472,0,
2816717,0,
2820237,0,
2813775,0,
2815358,0,
2820793,0,
2812345,0,
2812112,0,
2812869,0,
2817247,0,
2819027,0,
2815601,0,
2818658,0,
2816718,0,
2819331,0,
2815356,0,
2817458,0,
2819028,0,
2820830,0,
2815357,0,
2812111,0,
2812140,0,
2814942,0,
2815772,0,
2818406,0,
2820692,0,
2814941,0,
2818323,0,
2812139,0,
2817457,0,
2818657,0,
2812138,0,
2812191,0,
2819632,0,
2820691,0,
2814182,0,
2821687,0,
2822722,0,
2823837,0,
2826036,0,
2825294,0,
2829366,0,
2829977,0,
2828456,0,
2821686,0,
2822954,0,
2821927,0,
2823935,0,
2825295,0,
2829716,0,
2822953,0,
2823810,0,
2824777,0,
2236769,1,CYCLE
2824674,0,
2824675,0,
2829717,0,
2823838,0,
2824676,0,
2823934,0,
2821928,0,
2829978,0,
2823811,0,
2824776,0,
2824901,0,
2824903,0,
2824902,0,
2829365,0,
2821685,0,
2822960,0,
2823809,0,
2826037,0,
2826373,0,
2825624,0,
2830849,1,SCATTER-GATHER
2822721,0,
2826374,0,
2822723,0,
2828455,0,
2835513,0,
2836387,0,
2839125,0,
2833700,0,
2834690,0,
2839821,0,
2832731,0,
2839823,0,
2837404,0,
2840119,0,
2832662,0,
2833141,0,
2839543,0,
2839822,0,
2839781,0,
2216669,0,
2216670,1,FAN-IN
2835557,0,
2839124,0,
2839782,0,
2840121,0,
2832730,0,
2835514,0,
2833624,0,
1692254,1,SCATTER-GATHER
2833140,0,
2833699,0,
2839542,0,
2833452,0,
2837088,0,
2837089,0,
2832664,0,
2837403,0,
2837822,0,
2832663,0,
2837817,0,
2834694,0,
2837816,0,
2839544,0,
2834693,0,
2837402,0,
2840120,0,
2832729,0,
2834689,0,
2833451,0,
2833625,0,
2835556,0,
2841301,0,
2842537,0,
2844314,0,
2841298,0,
2841726,0,
2844316,0,
2841441,0,
2847784,0,
2842538,0,
2847886,0,
2841440,0,
2841522,0,
2843410,0,
2843411,0,
2843880,0,
2844044,0,
2845838,0,
2847782,0,
2847783,0,
2849549,0,
2849550,0,
2847885,0,
2841177,0,
2841300,0,
2841299,0,
2841521,0,
2841361,0,
2841179,0,
2841439,0,
2844956,0,
2847406,0,
2849547,0,
2849548,0,
2841362,0,
2841178,0,
2844918,0,
2844045,0,
2844917,0,
2845837,0,
2840988,0,
2843879,0,
2844315,0,
2853415,0,
2853142,0,
2853496,0,
2853498,0,
2859230,0,
2860251,1,CYCLE
2856071,0,
2853499,0,
2856089,0,
2216671,1,FAN-IN
2850848,0,
2854178,0,
2857009,0,
2852950,0,
2853497,0,
2854280,0,
2859231,0,
2856069,0,
2854179,0,
2850847,0,
2852951,0,
2855144,0,
2850846,0,
2853416,0,
2856138,0,
2856285,0,
2855145,0,
2852129,0,
2857008,0,
2853141,0,
2856284,0,
2858894,0,
2854550,0,
2856088,0,
2856072,0,
2856191,0,
2852131,0,
2856070,0,
2856283,0,
2852130,0,
2858895,0,
2854549,0,
2856213,0,
2850849,0,
2856212,0,
2856137,0,
2863974,0,
2861417,0,
2865663,0,
2866237,0,
2860945,0,
2866238,0,
2870087,0,
2866322,0,
2866321,0,
2870085,0,
2866236,0,
2867886,0,
2867887,0,
2861418,0,
2863231,0,
2865662,0,
2863355,0,
2870088,0,
2863975,0,
2869621,0,
2864511,0,
2871728,0,
2874332,0,
2876886,0,
2876943,0,
2873211,0,
2873614,0,
2871233,0,
2874283,0,
2877003,0,
2879797,0,
2878063,0,
2872921,0,
2878140,0,
2870591,0,
2872166,0,
2872580,0,
2875264,0,
2871729,0,
2872165,0,
2878754,0,
2873212,0,
2872922,0,
2876954,0,
2878062,0,
2870592,0,
2874333,0,
2878141,0,
2875266,0,
2874282,0,
2876953,0,
2877002,0,
2873613,0,
2875265,0,
2879798,0,
2876944,0,
2872581,0,
2871232,0,
2882164,0,
2884004,0,
2885034,0,
2885035,0,
2888796,0,
2884268,0,
2882385,0,
2885028,0,
2885029,0,
2887776,0,
2886858,0,
2885032,0,
2885033,0,
2886079,0,
2883457,0,
2885212,0,
2882165,0,
2888236,0,
2882243,0,
2887258,0,
2887655,0,
2884005,0,
2887320,0,
2887809,0,
2884267,0,
2885213,0,
2881147,0,
2882384,0,
2884269,0,
2887256,0,
2888795,0,
2889969,0,
2882242,0,
2885026,0,
2885027,0,
2885766,0,
2884582,0,
2889639,0,
2881163,0,
2888237,0,
2883246,0,
2887321,0,
2889970,0,
2880439,0,
2881146,0,
2885768,0,
2888841,0,
2885030,0,
2885031,0,
2888842,0,
2882390,0,
2888457,0,
2883064,0,
2887257,0,
2887656,0,
2889638,0,
2880438,0,
2884581,0,
2883458,0,
2883247,0,
2885753,0,
2885765,0,
2886857,0,
1577256,0,
1577257,0,
1577258,1,SCATTER-GATHER
2884270,0,
2885767,0,
2886080,0,
2888840,0,
2892583,0,
2894621,0,
2896708,0,
2894622,0,
2892916,0,
2898313,0,
2895562,0,
2891356,0,
2898958,0,
2892584,0,
2899710,0,
2892736,0,
2899711,0,
2892738,0,
2894069,0,
2894071,0,
2895561,0,
2898957,0,
2890711,0,
1916081,0,
1916082,1,FAN-IN
2892435,0,
2895129,0,
2891355,0,
2894070,0,
2898959,0,
2895175,0,
2895176,0,
2896841,0,
2898092,0,
2896532,0,
2896840,0,
2892582,0,
2892915,0,
2896707,0,
2892735,0,
2908676,0,
2904696,0,
2907070,0,
2905125,0,
2900122,0,
2900853,0,
2901310,0,
2902942,0,
2905114,0,
2907950,0,
2904384,0,
2905123,0,
2906943,0,
2908307,0,
2900119,0,
2900120,0,
2900854,0,
2904808,0,
2909284,0,
2900666,0,
2901366,0,
2902040,0,
2901365,0,
2903783,0,
2905510,0,
2909086,0,
2900454,0,
2903983,0,
2906942,0,
2900116,0,
2900665,0,
2901368,0,
2901552,0,
2904238,0,
2901369,0,
2904807,0,
2905124,0,
2236770,0,
2236771,1,CYCLE
2900351,0,
2902325,0,
2906751,0,
2900118,0,
2900121,0,
2901551,0,
2902326,0,
2903982,0,
2904806,0,
2908306,0,
2907071,0,
2909283,0,
2902327,0,
2204234,0,
2204235,0,
2204236,1,CYCLE
2902943,0,
2905511,0,
2901367,0,
2909083,0,
2901370,0,
2906750,0,
2903782,0,
2907951,0,
2909085,0,
2899843,0,
2900117,0,
2907072,0,
2901444,0,
2902041,0,
2899842,0,
2900455,0,
2904237,0,
2909084,0,
2900350,0,
2901309,0,
2911553,0,
2913375,0,
2913393,0,
2909978,0,
2910357,0,
2913402,0,
2913405,0,
2915668,0,
2912150,0,
2916441,0,
2917922,0,
2918733,0,
2911980,0,
2916626,0,
2917800,0,
2918303,0,
2914510,0,
2916442,0,
2913392,0,
2917957,0,
2236772,1,CYCLE
2913404,0,
2912149,0,
2914879,0,
2916810,0,
2916811,0,
2910921,0,
2911551,0,
2911979,0,
2913401,0,
2915300,0,
2909533,0,
2910927,0,
2911552,0,
2915299,0,
2917923,0,
2918734,0,
2910358,0,
2913374,0,
2915669,0,
2918305,0,
2918304,0,
2913403,0,
2917815,0,
2909977,0,
2910922,0,
2915329,0,
2913406,0,
2917799,0,
2915670,0,
2917921,0,
2915328,0,
2917798,0,
2917816,0,
2910928,0,
2914511,0,
2916627,0,
2922616,0,
2922583,0,
2922614,0,
2926355,0,
2928664,0,
2922582,0,
2924377,0,
2924847,0,
2919503,0,
2919502,0,
2926456,0,
2920268,0,
2924065,0,
2924846,0,
2920269,0,
2923474,0,
2923473,0,
2926646,0,
2926647,0,
2926455,0,
2923230,0,
2922275,0,
2922276,0,
2924064,0,
2922615,0,
2919504,0,
2924378,0,
2928665,0,
2930342,0,
2936904,0,
2937506,0,
2931733,0,
2934167,0,
2934169,0,
2936151,0,
2938456,0,
2929485,0,
2938452,0,
2930906,0,
2931412,0,
2929418,0,
2936152,0,
2937507,0,
2931732,0,
2932648,0,
2936830,0,
2938454,0,
2938455,0,
2930905,0,
2931717,0,
2930341,0,
2932651,0,
2936831,0,
2936903,0,
2934441,0,
2929419,0,
2938453,0,
2931716,0,
2938442,1,RANDOM
2932649,0,
2932650,0,
2931411,0,
2934168,0,
2943398,0,
2941159,0,
2946668,0,
2943088,0,
2947925,0,
2940112,0,
2942375,0,
2943224,0,
2397605,0,
2397606,1,RANDOM
2938790,0,
2945305,0,
2945893,0,
2944728,0,
2945306,0,
2942064,0,
2939267,0,
2940110,0,
2943111,0,
2943590,0,
2941157,0,
2942264,0,
2941156,0,
2943089,0,
2943589,0,
2945189,0,
2941007,0,
2944727,0,
2943225,0,
2938791,0,
2943351,0,
2947411,0,
2947924,0,
2941008,0,
2942374,0,
2945894,0,
2939389,0,
2946312,0,
2939269,0,
2942263,0,
2946667,0,
2947998,0,
2941155,0,
2942065,0,
2939270,0,
2946485,0,
2938994,0,
2943399,0,
2939268,0,
2941158,0,
2938995,0,
2946484,0,
2216672,0,
2216673,1,FAN-IN
2348501,0,
2348502,1,BIPARTITE
2957740,0,
2953298,0,
2955222,0,
2952511,0,
2954747,0,
2957739,0,
2952509,0,
1577260,0,
1577261,0,
1577262,1,SCATTER-GATHER
2954746,0,
2955352,0,
2956822,0,
2952507,0,
2953297,0,
2955813,0,
2957543,0,
2954332,0,
2948913,0,
2956421,0,
2957542,0,
1916083,1,FAN-IN
2949836,0,
2954334,0,
2955350,0,
2955353,0,
2948915,0,
2955223,0,
2957540,0,
2955351,0,
2955814,0,
2957541,0,
2953300,0,
2957318,0,
2949715,0,
2955189,0,
2954023,0,
2955188,0,
2948914,0,
2949714,0,
2957317,0,
2957319,0,
2953299,0,
2955221,0,
2949837,0,
2954333,0,
2960278,0,
2959139,0,
2959297,0,
2959239,0,
2959326,0,
2959327,0,
2964789,0,
2960639,0,
2196203,1,FAN-IN
2959238,0,
2960353,0,
2960637,0,
2959298,0,
2964788,0,
2966979,0,
2967192,0,
2967087,0,
2967193,0,
2960763,0,
2960764,0,
2961136,0,
2966131,0,
2964737,0,
2960765,0,
2964738,0,
2966130,0,
2960352,0,
2960279,0,
1639604,0,
1639605,0,
1639606,1,SCATTER-GATHER
2976939,0,
2976940,1,FAN-OUT
2974540,0,
2976313,0,
2969735,0,
2976423,0,
2975920,0,
2968374,0,
2970058,0,
2968375,0,
2970057,0,
2972610,0,
2969734,0,
2973929,0,
2968704,0,
2973268,0,
2970995,0,
2973930,0,
2976422,0,
1896528,0,
1896529,1,SCATTER-GATHER
2973267,0,
2972611,0,
2974539,0,
2967934,0,
2970994,0,
2972609,0,
2973690,0,
2976314,0,
2973931,0,
2985447,0,
2978742,0,
2986783,1,FAN-OUT
2982435,0,
2977856,0,
2984443,0,
2980118,0,
2977967,0,
2978184,0,
2980115,0,
2985448,0,
2977855,0,
2980116,0,
2984442,0,
2986526,0,
2980113,0,
2980213,0,
2980117,0,
2980212,0,
2977968,0,
2984889,0,
2984890,0,
2985406,0,
2985611,0,
2986310,0,
2980111,0,
2982436,0,
2986666,0,
2977969,0,
2979773,0,
2984554,0,
2985407,0,
2982022,0,
2978183,0,
2978741,0,
2980112,0,
2980114,0,
2986665,0,
2985082,0,
2986788,0,
2983062,0,
2979774,0,
2984553,0,
2978740,0,
2983061,0,
2977295,0,
2980110,0,
2985596,0,
2984466,0,
2985595,0,
2987749,0,
2989177,0,
2989734,0,
2992126,0,
2992129,0,
2994135,0,
2988550,0,
2988551,0,
2988532,0,
2987747,0,
2996417,0,
2990658,0,
2991601,0,
2992123,0,
2993067,0,
2992131,0,
2991449,0,
2989735,0,
2993034,0,
2996433,0,
2990657,0,
2993068,0,
2992071,0,
2992130,0,
2989021,0,
2991447,0,
2991790,0,
2992122,0,
2990206,0,
2988100,0,
2993035,0,
2996418,0,
2989022,0,
2991947,0,
2992072,0,
2994433,0,
2988531,0,
2990207,0,
2991948,0,
2987748,0,
2989020,0,
2989178,0,
2991448,0,
2991789,0,
2992125,0,
2989080,0,
2995820,0,
2996416,0,
2988101,0,
2989078,0,
2995821,0,
2993036,0,
2996432,0,
2992124,0,
2994134,0,
2998411,0,
2999259,0,
2999293,0,
3003180,0,
3000746,0,
3004933,0,
3005203,0,
3001667,0,
3003179,0,
2999292,0,
2999831,0,
2998626,0,
3004932,0,
1896525,0,
1896526,0,
1896527,1,SCATTER-GATHER
2999258,0,
2999830,0,
2999832,0,
2998627,0,
3000937,0,
3001989,0,
2998410,0,
3006137,1,GATHER-SCATTER
2998639,0,
3005204,0,
2999039,0,
3001988,0,
3001668,0,
3005762,0,
2999040,0,
1577265,0,
1577266,0,
1577267,1,SCATTER-GATHER
2998638,0,
3000745,0,
2999291,0,
1639609,0,
1639610,1,SCATTER-GATHER
3000938,0,
3005202,0,
3010008,0,
3007984,0,
3008682,0,
3010007,0,
3013761,0,
3015278,0,
3010205,0,
3013577,0,
3010107,0,
3013228,0,
3011830,0,
3014544,0,
3007638,0,
3008683,0,
3012332,0,
3007639,0,
3008448,0,
1639612,0,
1639613,1,SCATTER-GATHER
3009671,0,
3010267,0,
3013759,0,
3014543,0,
3006867,0,
3007985,0,
3015277,0,
3013576,0,
3015150,0,
3016296,0,
3009672,0,
3013229,0,
3014546,0,
3010204,0,
3013760,0,
2216674,0,
2216675,1,FAN-IN
3008623,0,
3013993,0,
3015151,0,
3008449,0,
3012333,0,
3006868,0,
3008624,0,
3014545,0,
3015276,0,
3024749,0,
2947907,0,
2947908,1,STACK
3018363,0,
3018991,0,
3019741,0,
3016974,0,
3018573,0,
3021966,0,
3024750,0,
3025038,0,
3025898,0,
3025039,0,
3018362,0,
3023620,0,
3019745,0,
3019454,0,
3020887,0,
3023016,0,
3025936,0,
3018365,0,
3018648,0,
3019456,0,
3018958,0,
3019746,0,
3020888,0,
3018479,0,
3025937,0,
3018649,0,
3019455,0,
3025924,0,
3021759,0,
3022409,0,
3018992,0,
3017935,0,
3018480,0,
3020955,0,
3024373,0,
3016973,0,
3018572,0,
3020954,0,
3021758,0,
3023018,0,
3025899,0,
3025897,0,
3023017,0,
3025935,0,
3021965,0,
3023619,0,
3024374,0,
3025037,0,
3025938,0,
3024748,0,
3018364,0,
3030302,0,
3030897,0,
3026638,0,
3027297,0,
3027073,0,
3027074,0,
3029922,0,
3030170,0,
3034604,0,
3029924,0,
1577270,1,SCATTER-GATHER
3027296,0,
3028011,0,
3032661,0,
3030784,0,
3030194,0,
3026639,0,
3027075,0,
3027076,0,
3032660,0,
3026746,0,
3030295,0,
3035131,0,
3026747,0,
3028012,0,
3030783,0,
3030172,0,
3031858,0,
3030171,0,
3029904,0,
3030173,0,
3030898,0,
3032670,0,
3027298,0,
3032671,0,
3034603,0,
3035132,0,
3033516,0,
3029921,0,
3030195,0,
3030301,0,
3031859,0,
3027071,0,
3027072,0,
3033517,0,
3029903,0,
3029923,0,
3033518,0,
3035820,0,
3039089,0,
3039989,0,
3042718,0,
3040579,0,
3040842,0,
3042817,0,
3043770,0,
3044031,0,
2236773,1,CYCLE
3040841,0,
3043769,0,
3039093,0,
3039987,0,
3040373,0,
3039090,0,
3043771,0,
3039091,0,
2020680,1,CYCLE
3040452,0,
3043772,0,
3039092,0,
3044030,0,
3039988,0,
3042816,0,
3044192,0,
3040374,0,
3044193,0,
3040580,0,
3041013,0,
3040451,0,
3054456,0,
3047851,0,
3053988,0,
3047127,0,
2348507,0,
2348508,1,BIPARTITE
3046323,0,
3047275,0,
3050150,0,
3053703,0,
3046635,0,
3046636,0,
3054110,0,
3050151,0,
3053989,0,
3046322,0,
3050705,0,
3047128,0,
3049158,0,
3053702,0,
3050255,0,
2277134,1,STACK
3049159,0,
3054111,0,
2012560,1,CYCLE
3048097,0,
3050729,0,
3047276,0,
3050256,0,
3048098,0,
3054112,0,
3046633,0,
3046634,0,
3054457,0,
3047849,0,
3050704,0,
3050706,0,
3054455,0,
3047850,0,
3056241,0,
3057638,0,
3058371,0,
3056242,0,
3057883,0,
3059437,0,
2372763,1,STACK
3056327,0,
3057677,0,
3058373,0,
3059346,0,
3059347,0,
3056328,0,
3058372,0,
3056031,0,
2825514,1,STACK
3056032,0,
3059436,0,
3057678,0,
3057676,0,
3062392,0,
3062499,0,
3059941,0,
3061125,0,
3057637,0,
3061109,0,
3061746,0,
3063871,0,
3059130,0,
1916084,0,
1916085,1,FAN-IN
3058374,0,
3061124,0,
3059129,0,
3061747,0,
3063870,0,
3059345,0,
3059577,0,
3059942,0,
3056033,0,
3057884,0,
3062393,0,
3068956,0,
3071854,0,
3066835,0,
3066018,0,
3068541,0,
3070676,0,
3070677,0,
3066019,0,
3069043,0,
3069249,0,
3069871,0,
3071310,0,
3069041,0,
3074111,0,
3071313,0,
3073738,0,
3066834,0,
3069873,0,
3069042,0,
3069178,0,
3073739,0,
3066086,0,
3067421,0,
3071309,0,
3066949,0,
3069177,0,
3066017,0,
3069609,0,
3067661,0,
3069610,0,
3065654,0,
3067178,0,
3066087,0,
3070678,0,
3070679,0,
3074112,0,
3066948,0,
3068954,0,
3071311,0,
3067177,0,
3071312,0,
3068955,0,
3069248,0,
2947920,0,
2947921,1,STACK
3071171,0,
3066836,0,
3071855,0,
3067660,0,
3068957,0,
3069872,0,
3077973,0,
3081633,0,
3077342,0,
3077223,0,
3077974,0,
3084406,0,
3075161,0,
3081632,0,
3077899,0,
3083413,0,
3077343,0,
3075578,0,
3084283,0,
3084284,1,FAN-IN
3079846,0,
3077900,0,
3083412,0,
3075577,0,
3079845,0,
3086171,0,
3085891,0,
3087214,0,
3087812,0,
3088364,0,
3086270,0,
3086172,0,
3084775,0,
3088365,0,
3089406,0,
3093362,0,
1984632,1,GATHER-SCATTER
3087008,0,
3087215,0,
3094279,0,
3084651,0,
3084774,0,
3085889,0,
3091190,0,
3085890,0,
3093504,0,
3091191,0,
3087811,0,
3094280,0,
3087009,0,
3093505,0,
3084650,0,
3093377,0,
3089405,0,
3093506,0,
3093363,0,
3084652,0,
3086271,0,
3087010,0,
3095872,0,
3101591,0,
3103620,0,
3102866,0,
3099866,0,
3104059,0,
3096172,0,
3101506,0,
3102865,0,
3099225,0,
3101589,0,
3101592,0,
3097564,0,
3095871,0,
3097565,0,
3098783,0,
3101588,0,
3104061,0,
3097204,0,
3098700,0,
3099867,0,
3104005,0,
1916086,0,
1916087,1,FAN-IN
3097563,0,
3097205,0,
3101504,0,
3098701,0,
3101590,0,
3102867,0,
3096171,0,
3097562,0,
3097950,0,
3101505,0,
3104060,0,
3097949,0,
3103621,0,
3112122,0,
3109844,0,
3113616,0,
3104976,0,
3110419,0,
3113618,0,
3106385,0,
3112123,0,
3104602,0,
3104767,0,
3105356,0,
3109298,0,
3109608,0,
3109606,0,
3105050,0,
2061230,1,CYCLE
3104601,0,
3111632,0,
3104768,0,
3111633,0,
3111081,0,
3113489,0,
3113617,0,
3108280,0,
3106303,0,
3108281,0,
3109297,0,
3112703,0,
3110766,0,
3106302,0,
3110767,0,
3113488,0,
1896513,0,
1896514,1,SCATTER-GATHER
3106874,0,
1916088,0,
1916089,1,FAN-IN
3104977,0,
3111082,0,
3109292,0,
3109843,0,
3106384,0,
3112124,0,
3112704,0,
3110111,0,
3109817,0,
3105049,0,
3109290,0,
3109200,0,
3110418,0,
3109291,0,
3109816,0,
3121270,0,
3114543,0,
3120221,0,
3118240,0,
3121331,0,
3114122,0,
3116160,0,
3120790,0,
3123178,0,
3115217,0,
3123392,1,FAN-IN
3114542,0,
3117866,0,
3118821,0,
3114225,0,
3119553,0,
3117929,0,
3118721,0,
3118239,0,
3121269,0,
3121493,0,
3114224,0,
3115218,0,
3123179,0,
3115166,0,
3115164,1,
3119552,0,
3117928,0,
3115168,0,
3118722,0,
3121492,0,
3119033,0,
3120232,0,
3115165,0,
3116961,0,
3117867,0,
3121494,0,
2073418,1,STACK
3116962,0,
3121091,0,
3121332,0,
3123246,0,
3115167,0,
3120231,0,
3117447,0,
3114544,0,
3118822,0,
3117448,0,
3120222,0,
3120791,0,
3119034,0,
3124370,0,
3126154,0,
3128486,0,
3127453,0,
3130399,0,
3130583,0,
3126155,0,
3128485,0,
3130400,0,
3126944,0,
3125585,0,
3127704,0,
3127705,0,
3127737,0,
3127738,0,
3128483,0,
3128517,0,
3127736,0,
3132094,0,
3127454,0,
3130401,0,
2947915,0,
2947916,1,STACK
3129957,0,
3127735,0,
3128484,0,
3129958,0,
3130582,0,
3125584,0,
3128516,0,
3125604,0,
3128515,0,
3125603,0,
3125605,0,
2947909,0,
2947910,1,STACK
3130153,0,
3130398,0,
3130154,0,
3128514,0,
3127702,0,
3127703,0,
3132095,0,
3134429,0,
3134750,0,
3139656,0,
3141629,0,
3134402,0,
3139655,0,
3123487,1,STACK
3142621,0,
3142622,0,
3137717,0,
3142861,0,
3134748,0,
3136597,0,
3135544,0,
3133659,0,
3134401,0,
3142862,0,
3136023,0,
3137537,0,
3134749,0,
3135543,0,
3136022,0,
3137538,0,
3140104,0,
3134801,0,
2426931,1,SCATTER-GATHER
3137716,0,
3134428,0,
3140105,0,
3134802,0,
3136638,0,
1916090,0,
1916091,1,FAN-IN
3136639,0,
3140689,0,
3140690,0,
3142553,0,
1896492,0,
1896493,1,SCATTER-GATHER
3134751,0,
3151598,0,
3151599,0,
3145562,0,
3145563,0,
3146332,0,
3149135,0,
3148365,0,
3145180,0,
3148242,0,
3151594,0,
3151595,0,
3145181,0,
3147438,0,
3150237,0,
3151116,0,
3148244,0,
3151634,0,
3148245,0,
3152512,0,
3148364,0,
3151117,0,
3147981,0,
3150943,0,
3151596,0,
3151597,0,
3147982,0,
3147687,0,
3145845,0,
3146622,0,
3148956,0,
3146331,0,
3147381,0,
3152513,0,
3152693,0,
3146621,0,
3147688,0,
3148957,0,
3147380,0,
3147437,0,
3151129,0,
3151130,0,
3147788,0,
1896490,0,
1896491,1,SCATTER-GATHER
3148243,0,
3147787,0,
3150942,0,
3152694,0,
3158914,0,
3160748,0,
2976941,0,
2976942,1,FAN-OUT
3157554,0,
3162265,0,
3157555,0,
3160889,0,
3158642,0,
3161927,0,
3160896,0,
3161900,0,
3153989,0,
3160897,0,
3158641,0,
3155557,0,
3157553,0,
3159950,0,
3154081,0,
3162266,0,
3154460,0,
3154459,0,
3154080,0,
3161899,0,
3162473,1,RANDOM
3155903,0,
3160890,0,
3159952,0,
3160898,0,
3158915,0,
3159951,0,
3161926,0,
3165893,0,
2976943,0,
2976944,1,FAN-OUT
3170312,0,
3168575,0,
3170022,0,
3163653,0,
3163654,0,
3166637,0,
3168055,0,
3168574,0,
3170024,0,
3171003,0,
3171612,0,
3164160,0,
3171036,0,
3172183,0,
3166750,0,
3168275,0,
3170026,0,
3171004,0,
3171037,0,
3171610,0,
3172184,0,
3172467,0,
3172469,0,
3168053,0,
3171611,0,
3172468,0,
3165892,0,
3166749,0,
3170025,0,
3163586,0,
3163588,0,
3168052,0,
3168596,0,
3164159,0,
3168274,0,
3168597,0,
2348512,0,
2348513,1,BIPARTITE
3170023,0,
3164158,0,
2348516,0,
2348517,1,BIPARTITE
3170017,0,
3163587,0,
3166638,0,
3168303,0,
3164019,0,
3170018,0,
3170763,0,
3168054,0,
3172185,0,
3178785,0,
3179032,0,
3176633,0,
3181084,0,
3176632,0,
3173358,0,
2947911,0,
2947912,1,STACK
3173357,0,
3179033,0,
3179034,0,
3180259,0,
3173356,0,
3176378,0,
3177726,0,
3179231,0,
3179232,0,
3181085,0,
3172793,0,
3175280,0,
3179234,0,
3180260,0,
3176377,0,
3175281,0,
3179233,0,
3184238,0,
3185490,0,
3189491,0,
3190892,0,
3189728,0,
3190297,0,
3187143,0,
3190177,0,
3186190,0,
3186852,0,
3190893,0,
3186191,0,
3190178,0,
3189490,0,
3185109,1,
3191388,0,
3190891,0,
3184237,0,
3190890,0,
3187142,0,
3187966,0,
3191521,0,
3188413,0,
3183987,0,
3191387,0,
3183986,0,
3185491,0,
3191567,0,
3191520,0,
3187967,0,
3188412,0,
3190162,0,
3186853,0,
3182706,0,
3184069,0,
3190296,0,
3189729,0,
3184068,0,
3184567,0,
3190295,0,
3186836,0,
3187965,0,
3190163,0,
3194214,0,
3195836,0,
3192362,0,
3192747,0,
3193668,0,
3192748,0,
3194695,0,
3195556,0,
3199308,0,
3200678,0,
3200693,0,
3192361,0,
3193669,0,
3195183,0,
3196372,0,
3195557,0,
3201175,0,
3192363,0,
3200694,0,
3195835,0,
3200677,0,
3194215,0,
3200692,0,
3193670,0,
3197901,0,
3194694,0,
3201153,0,
3201174,0,
3210726,0,
3202452,0,
3202455,0,
3210646,0,
3208864,0,
3201855,0,
3206745,0,
3210727,0,
3203083,0,
3206746,0,
3204408,0,
3210725,0,
3208863,0,
3211110,0,
3202453,0,
3206138,0,
3206137,0,
3206743,0,
3202454,0,
3201854,0,
3206744,0,
3202155,0,
3211109,0,
3202154,0,
3203084,0,
3218567,0,
3218646,0,
3220406,0,
3220407,0,
3220189,0,
3214739,0,
3214974,0,
3214738,0,
3214969,0,
3215849,0,
3214449,0,
3214968,0,
3212136,0,
3214451,0,
3215335,0,
3215336,0,
3213652,0,
3214450,0,
3214452,0,
3214970,0,
3218568,0,
3219279,0,
3212068,0,
3219218,0,
3214394,0,
3213653,0,
3218566,0,
3219217,0,
3212135,0,
2236774,1,CYCLE
3219499,0,
3214975,0,
3211732,0,
3214448,0,
3211731,0,
3212069,0,
3215850,0,
3220188,0,
3214971,0,
3217120,0,
3217121,0,
3219905,0,
3219278,0,
3219277,0,
3222308,0,
3223027,0,
3222311,0,
3224285,0,
3222309,0,
3228000,0,
3226473,0,
3222942,0,
3229476,0,
3225538,0,
3230281,0,
3224492,0,
3224493,0,
2762110,1,FAN-IN
3222941,0,
3223077,0,
3223078,0,
3222310,0,
3223029,0,
3230282,0,
3222940,0,
3228001,0,
3230280,0,
3223028,0,
3227942,0,
3231061,0,
3234699,0,
3237989,0,
3006138,1,GATHER-SCATTER
3237708,0,
3240079,1,GATHER-SCATTER
3231063,0,
3237518,0,
3237709,0,
3231114,0,
3237519,0,
3238087,0,
3231062,0,
3233122,0,
3234563,0,
3238089,0,
2762111,1,FAN-IN
3231115,0,
3239675,0,
3239676,0,
3234367,0,
3237990,0,
3238088,0,
3239677,0,
3239678,0,
3233123,0,
3234564,0,
3239314,0,
3239315,0,
3234368,0,
3243114,0,
3248772,0,
3248017,0,
3248773,0,
3246088,0,
3248185,0,
3243978,0,
3249466,0,
3247523,0,
3244198,0,
3249465,0,
3241737,0,
3244199,0,
3249548,0,
3248016,0,
2348514,0,
2348515,1,BIPARTITE
3249546,0,
3249547,0,
3247524,0,
3241738,0,
3243115,0,
3248184,0,
3244719,0,
3248015,0,
3243116,0,
3249549,0,
3255787,0,
3269869,0,
3252924,0,
3257863,0,
3259505,0,
3270887,0,
3250189,0,
3257475,0,
3263300,0,
3271089,0,
3272560,0,
3272561,0,
3258953,0,
3260195,0,
3256289,0,
3256290,0,
3260947,0,
3263810,0,
3253530,0,
3260216,0,
3265982,0,
3253476,0,
3253699,0,
3257537,0,
3272200,0,
3256673,0,
3259676,0,
3266791,0,
3268750,0,
3270130,0,
3270147,0,
3272388,0,
3255786,0,
3258538,0,
3274042,0,
3250169,0,
3254973,0,
3265495,0,
3266339,0,
3272562,0,
3254753,0,
3265245,0,
3268648,0,
3272559,0,
3273768,0,
3251780,0,
3272198,0,
3255876,0,
3260148,0,
3262825,0,
3256672,0,
3258952,0,
3259604,0,
3264614,0,
3271088,0,
3272557,0,
3252496,0,
3252755,0,
3263204,0,
3272558,0,
3273371,1,FAN-OUT
3256079,0,
3257823,0,
3260217,0,
3272528,0,
3251239,0,
3255318,0,
3257335,0,
3264726,0,
3273795,0,
3274032,0,
3250800,0,
3257862,0,
3251778,0,
3258951,0,
3264267,0,
3265497,0,
3268488,0,
3256078,0,
3271789,0,
3258537,0,
3262074,0,
3263798,0,
3265648,0,
3274404,0,
3275429,0,
3275729,0,
3276668,0,
3274968,0,
3276872,0,
3279011,0,
3279149,0,
3280913,0,
3274405,0,
3278107,0,
3278965,0,
3280068,0,
3281353,0,
3281378,0,
3274758,0,
3275110,0,
3275557,0,
3274360,0,
3283549,0,
3284007,0,
3274443,0,
3279012,0,
3283550,0,
3276775,0,
3279150,0,
3281315,0,
3274610,0,
3276180,0,
3276873,0,
3278967,0,
3280914,0,
3281316,0,
3283403,0,
3274406,0,
3274967,0,
3275081,0,
3276321,0,
3284006,0,
3275112,0,
3274407,0,
3275111,0,
3276774,0,
3279701,0,
3274759,0,
3279139,0,
3279700,0,
3276320,0,
3275427,0,
3275428,0,
3275730,0,
3274361,0,
3274609,0,
3276979,0,
3278108,0,
3278178,1,FAN-OUT
3281354,0,
3283049,0,
3276978,0,
3283404,0,
3283548,0,
3283547,0,
3280279,0,
3281377,0,
1896515,0,
1896516,1,SCATTER-GATHER
3276667,0,
3279148,0,
3275082,0,
3278966,0,
3280280,0,
3285695,0,
3286267,0,
3286975,0,
3287461,0,
3288623,0,
3289991,0,
3284622,0,
3284982,0,
3288092,0,
3288919,0,
3284621,0,
3284793,0,
3287907,0,
3288346,0,
3289992,0,
3285671,0,
3290824,0,
3292880,0,
3290823,0,
3284794,0,
3286976,0,
3288347,0,
3288918,0,
3284792,0,
3285670,0,
3288622,0,
3285694,0,
3287906,0,
3288091,0,
3292879,0,
3292393,0,
3286268,0,
3284981,0,
3287462,0,
3290538,0,
3284623,0,
3286269,0,
3287460,0,
3288090,0,
3297094,0,
3298634,0,
3294575,0,
3297102,0,
3303106,0,
3294452,0,
3295684,0,
3296698,0,
3297861,0,
3297420,0,
3298584,0,
3297092,0,
3298287,0,
3295679,0,
3300267,0,
3298585,0,
3303826,0,
3300268,0,
3302548,0,
3295680,0,
3298754,0,
3298755,0,
3298760,0,
3298761,0,
3297096,0,
3298762,0,
3298763,0,
3303827,0,
3303572,0,
3300266,0,
3297093,0,
3303574,0,
3295683,0,
3117675,0,
3117676,1,STACK
3294576,0,
3297419,0,
3303571,0,
3297095,0,
3298758,0,
3298759,0,
3303573,0,
3294453,0,
3294454,0,
3303105,0,
3294577,0,
3298286,0,
3298635,0,
3298756,0,
3298757,0,
3306820,0,
3311187,0,
3311532,0,
3305589,0,
3309140,0,
3304291,0,
3307639,0,
3307409,0,
3311188,0,
3311531,0,
3312996,0,
3311088,0,
3307408,0,
3309902,0,
3312876,0,
3309903,0,
3312875,0,
3306010,0,
3305590,0,
3306451,0,
3308206,0,
3309058,0,
3311089,0,
3306008,0,
3308207,0,
3309059,0,
3309777,0,
3309776,0,
3313247,0,
3304292,0,
3306819,0,
3309141,0,
3309901,0,
3311186,0,
3311158,0,
3312874,0,
3321835,0,
3318476,0,
3322165,0,
3314153,0,
3313994,0,
3322164,0,
3317630,0,
3318573,0,
3317629,0,
3321836,0,
3316956,0,
3322949,0,
3322166,0,
3318247,0,
3314152,0,
2204237,0,
2204238,1,CYCLE
3315762,0,
3317833,0,
3322891,0,
3317351,0,
3318572,0,
3317350,0,
3318477,0,
3313995,0,
3315761,0,
3319791,0,
3314151,0,
3316957,0,
3314270,0,
3319792,0,
3314347,0,
3328284,0,
3331293,0,
3328281,0,
3328283,0,
3324810,0,
3325952,0,
3326188,0,
3332622,0,
3325547,0,
3325144,0,
3329346,0,
3331292,0,
3325077,0,
3326997,0,
3329345,0,
3325951,0,
2372764,1,STACK
3329089,0,
3328766,0,
3329347,0,
3332621,0,
3325076,0,
3325145,0,
3325548,0,
3328765,0,
3328282,0,
3326996,0,
3326187,0,
3328285,0,
3328512,0,
3334455,0,
3342573,0,
3339792,0,
3342574,0,
3334456,0,
3338368,0,
3340041,0,
3332968,0,
3334457,0,
3339766,0,
3342193,0,
3335133,0,
3339793,0,
3340673,0,
3336704,0,
3339945,0,
3334992,0,
3332969,0,
3339949,0,
3338510,0,
3336703,0,
3340040,0,
3339947,0,
3341504,0,
3334458,0,
3342192,0,
3340943,0,
3342293,0,
3339946,0,
3333413,0,
3333414,0,
3339948,0,
3339767,0,
3341505,0,
3339768,0,
3340942,0,
3334993,0,
3346613,0,
3342906,0,
3346530,0,
3346605,0,
3346898,0,
3351765,0,
3350479,0,
3343597,0,
3342904,0,
3346612,0,
3346899,0,
3351766,0,
3343931,0,
3343932,0,
3343598,0,
3344468,0,
3344821,0,
3346302,0,
3352011,1,CYCLE
3348766,0,
3350704,0,
3346604,0,
3342905,0,
3350703,0,
3346616,0,
3348765,0,
3350478,0,
3343595,0,
3343933,0,
3346531,0,
3350748,0,
3343734,0,
3346301,0,
3343596,0,
3350477,0,
3343735,0,
3350749,0,
3346606,0,
3353219,0,
3359428,0,
3357626,0,
3359938,0,
3356078,0,
3354861,0,
3361608,0,
3358346,0,
3356077,0,
3356899,0,
3354757,0,
3355386,0,
3354756,0,
3360822,0,
3354862,0,
3354020,0,
3353799,0,
3361524,0,
3361611,0,
3353159,0,
3353160,0,
3354863,0,
3359427,0,
3359937,0,
3360821,0,
3353102,0,
3353801,0,
3355002,0,
2204239,0,
2204240,0,
2204241,1,CYCLE
3352015,0,
3352016,1,CYCLE
3358345,0,
3359543,0,
3353103,0,
3353220,0,
3355001,0,
3361609,0,
3353104,0,
3353157,0,
3353158,0,
3359426,0,
3361610,0,
3361522,0,
2976945,0,
2976946,1,FAN-OUT
3353222,0,
3353218,0,
3355004,0,
3361523,0,
3366082,0,
3362164,0,
3362165,0,
3363905,0,
3366367,0,
3365977,1,RANDOM
3363589,0,
3365765,0,
3365767,0,
3367551,0,
3370042,0,
3370420,0,
3363590,0,
3364520,0,
3363515,0,
3363904,0,
3362163,0,
3363903,0,
3364521,0,
3363227,0,
3364522,0,
3366858,0,
3366369,0,
3368841,0,
3369442,0,
3370043,0,
3362432,0,
3363516,0,
3367009,0,
3365768,0,
3363229,0,
3364524,0,
3363228,0,
3366225,0,
3367010,0,
3369318,0,
3366857,0,
3367550,0,
3364523,0,
3369317,0,
3363588,0,
3365766,0,
3366226,0,
3366083,0,
3367552,0,
3368840,0,
3366859,0,
3366860,0,
3370421,0,
3375656,0,
3379060,0,
3380057,0,
3380797,0,
3374321,0,
3377924,0,
3378182,0,
3378827,0,
3380291,0,
3380292,0,
3380459,0,
3375435,0,
3379836,0,
3371924,0,
2387723,0,
2387724,1,GATHER-SCATTER
3372118,0,
3380461,0,
3376966,0,
3374322,0,
3376967,0,
3380293,0,
3380294,0,
3380835,0,
3380837,0,
3372117,0,
3372407,0,
3372537,0,
3372538,0,
3376203,0,
3379388,0,
3375657,0,
3380796,0,
3381304,0,
3377089,0,
3378826,0,
3379835,0,
3380460,0,
3376204,0,
3377925,0,
3373761,0,
3373762,0,
3378181,0,
3379059,0,
3372408,0,
3375434,0,
3381302,0,
3378088,0,
3378180,0,
3379389,0,
3380798,0,
3380058,0,
3377088,0,
3378089,0,
3380353,0,
3380355,0,
3380836,0,
3372004,0,
3377087,0,
3377926,0,
3380354,0,
3372002,0,
3372003,0,
3377086,0,
3381303,0,
3375131,0,
2645714,1,STACK
3389107,0,
3381875,0,
3382945,0,
3389848,0,
3385757,0,
3391160,0,
3385740,0,
3384183,0,
3382947,0,
3388691,0,
2236775,0,
2236776,1,CYCLE
3390989,0,
3388690,0,
3382946,0,
3384086,0,
3389850,0,
3381667,0,
3386172,0,
3389849,0,
3386171,0,
3381877,0,
3385741,0,
3384087,0,
3384184,0,
3390372,0,
3384088,0,
3381669,0,
3385756,0,
3386170,0,
3391161,0,
3389106,0,
3381668,0,
3381876,0,
3382948,0,
3392877,0,
3399181,0,
3401300,0,
3395250,0,
3400272,0,
3391757,0,
3392188,0,
3394249,0,
3392198,0,
3393992,0,
3400270,0,
3396471,0,
3395530,0,
3399180,0,
3391756,0,
3396470,0,
3392197,0,
3395253,0,
3394409,0,
3393991,0,
3394248,0,
3400498,0,
3400500,0,
3395251,0,
3392186,0,
3392878,0,
3395252,0,
3392187,0,
3394880,0,
3394881,0,
3392382,0,
3394284,0,
3399457,0,
3400271,0,
3400499,0,
3393382,0,
3393381,0,
3394282,0,
3394283,0,
3394408,0,
3402013,0,
3406433,0,
3410205,0,
3410018,0,
3410376,0,
3410745,0,
3402014,0,
3403045,0,
3406431,0,
3410019,0,
3406920,0,
3408579,0,
3404172,0,
3404198,0,
3406703,0,
3408071,0,
3410017,0,
3404174,0,
3406702,0,
3403046,0,
3406432,0,
3408072,0,
3410206,0,
3404197,0,
3410679,0,
3408391,0,
3403512,0,
3410375,0,
3410678,0,
3403511,0,
3406430,0,
3408017,0,
3403149,0,
3406701,0,
3408016,0,
3408580,0,
3406919,0,
3408598,0,
3404173,0,
3408581,0,
3412769,0,
3415304,0,
3418661,0,
3412770,0,
3417482,0,
3418662,0,
3418308,0,
2244731,0,
2244732,1,FAN-OUT
3415090,0,
3416003,0,
3413050,0,
3413909,0,
3415932,0,
3411689,0,
3413947,0,
3418309,0,
3418310,0,
3416156,0,
3418588,0,
3414359,0,
3416002,0,
3417612,0,
3412768,0,
3413910,0,
3413948,0,
3415089,0,
3415091,0,
3413949,0,
3417481,0,
3420554,0,
3420553,0,
3414851,0,
3415336,0,
3419474,0,
3414852,0,
3413946,0,
3416065,0,
3418587,0,
3411690,0,
3415335,0,
3416066,0,
3417611,0,
3419473,0,
3414358,0,
3411842,0,
3416155,0,
3419515,0,
3413051,0,
3419516,0,
3411691,0,
3411841,0,
3084285,0,
3084286,1,FAN-IN
3429256,0,
3422406,0,
3425156,0,
3426005,0,
2947904,0,
2947905,1,STACK
3422725,0,
3430298,0,
3423455,0,
3422724,0,
3426241,0,
3430406,1,RANDOM
3426242,0,
3429127,0,
3429255,0,
3423565,0,
3429129,0,
3426548,0,
3429128,0,
3426006,0,
3422405,0,
3429528,0,
3421881,0,
3425155,0,
3430299,0,
3421880,0,
3423454,0,
3429257,0,
3423566,0,
3426505,0,
3429527,0,
3421879,0,
3426504,0,
3421882,0,
3431371,0,
3435305,0,
3432216,0,
3432217,0,
3432545,0,
3438410,0,
3431370,0,
3438702,0,
3439960,0,
3436884,0,
3438086,0,
3436304,0,
3438704,0,
3436113,0,
3438235,0,
3436111,0,
3436883,0,
3432951,0,
2485804,0,
3432950,0,
3438085,0,
3438411,0,
3436305,0,
3436882,0,
3439959,0,
3438412,0,
3439961,0,
3435304,0,
3438703,0,
3435220,0,
3432546,0,
3444185,0,
3444252,0,
3395879,1,BIPARTITE
3444016,0,
3444896,0,
3443195,0,
3444184,0,
3240081,1,GATHER-SCATTER
3444776,0,
3441789,0,
3441788,0,
3444273,0,
3446157,0,
3448555,0,
3443196,0,
3446156,0,
3444251,0,
3443549,0,
3444272,0,
3444895,0,
3444017,0,
3450552,0,
3450577,0,
3450576,0,
3457024,0,
3459168,0,
3459632,0,
3450553,0,
3453907,0,
3459429,0,
3450941,0,
3450958,0,
3452964,0,
3455536,0,
3450959,0,
3450960,0,
3453908,0,
3454664,0,
3457606,0,
3457395,0,
3458087,0,
3459634,0,
3450810,0,
3458086,0,
3459296,0,
3450551,0,
3452442,0,
3452991,0,
3454665,0,
3457607,0,
3457394,0,
3457605,0,
3459167,0,
3450554,0,
3452963,0,
3453941,0,
3457396,0,
3459633,0,
3452443,0,
3452992,0,
3457611,0,
3450550,0,
3450942,0,
3450578,0,
3450940,0,
3453341,0,
3457025,0,
3457612,0,
3459166,0,
3453942,0,
3453340,0,
3457690,0,
3450809,0,
3459297,0,
3459428,0,
3461359,0,
3467595,0,
3460054,0,
3464845,0,
3462334,0,
3469388,0,
3462419,0,
3463783,0,
3461471,0,
3467596,0,
3461977,0,
3463549,0,
3464844,0,
3467594,0,
3469389,0,
3461470,0,
3461358,0,
3464236,0,
3462420,0,
3469006,0,
3467593,0,
3469218,1,FAN-OUT
3463784,0,
3463854,1,SCATTER-GATHER
3462335,0,
3463548,0,
3461976,0,
3460053,0,
3464235,0,
3478800,0,
3472377,0,
3477998,0,
3478183,0,
3478417,0,
3474882,0,
3474942,0,
3478032,0,
3471398,0,
3475408,0,
3474881,0,
3471823,0,
3478033,0,
3471476,0,
3471581,0,
3478031,0,
3470985,0,
3475407,0,
3475587,0,
3471579,0,
3476157,0,
3477746,0,
3474910,0,
3469539,0,
3478182,0,
3470450,0,
3471477,0,
3471824,0,
3475588,0,
3475589,0,
3470449,0,
3478418,0,
3471580,0,
3475840,0,
3477999,0,
3471397,0,
3471758,0,
3474883,0,
3476156,0,
3470986,0,
3474941,0,
3471757,0,
3472378,0,
3474909,0,
3469538,0,
3478798,0,
3475839,0,
3478799,0,
3484529,0,
3484798,0,
3479643,0,
3484530,0,
2821101,1,SCATTER-GATHER
3483641,0,
3484239,0,
3483184,0,
3485492,0,
3479642,0,
3484531,0,
3488033,0,
3481004,0,
3484528,0,
3482122,0,
3481003,0,
3487960,0,
3485491,0,
3483185,0,
3482120,0,
3483640,0,
3484799,0,
3488034,0,
3487961,0,
3493954,0,
3496192,0,
3493955,0,
3494959,0,
3411039,0,
3411040,1,STACK
3491257,0,
3492336,0,
3497390,0,
3490386,0,
3496966,0,
3497422,0,
3491706,0,
3491255,0,
3492335,0,
3493730,0,
3497274,0,
3497140,0,
3490387,0,
3491256,0,
3497095,0,
3496193,0,
3497423,0,
3497695,0,
3496965,0,
3497694,0,
3491705,0,
3493731,0,
3494958,0,
3497275,0,
3502871,0,
3507057,0,
3505253,0,
3507697,0,
3508040,0,
3508515,0,
3499941,0,
3502870,0,
3499654,0,
3502077,0,
3504117,0,
3507769,0,
3502076,0,
3508039,0,
3508516,0,
3499655,0,
3499653,0,
3499411,0,
3507771,0,
3501097,0,
3500727,0,
3507059,0,
3500728,0,
3501098,0,
3502689,0,
3501142,0,
3502750,0,
3501563,0,
3507058,0,
3504116,0,
3499410,0,
3501046,0,
3505846,0,
3508346,0,
2947922,0,
2947923,1,STACK
3499942,0,
3502869,0,
3500260,0,
3502690,0,
3505847,0,
3500261,0,
2821100,1,SCATTER-GATHER
3502688,0,
3501047,0,
3502751,0,
3507770,0,
3502691,0,
3506606,0,
3506607,0,
3508038,0,
3513578,0,
3510006,0,
3515849,0,
3511843,0,
3513579,0,
3514895,0,
3510999,0,
3515943,0,
3514894,0,
3513148,0,
3512090,0,
3511844,0,
3514225,0,
3514039,0,
3513149,0,
2762112,1,FAN-IN
3509295,0,
3510005,0,
3511000,0,
3514224,0,
3515664,0,
3509294,0,
3510998,0,
3512181,0,
3514041,0,
3514765,0,
3515663,0,
3514040,0,
3513637,0,
2670330,1,CYCLE
3510004,0,
3513638,0,
3514766,0,
3515942,0,
3511070,0,
3509705,0,
3509972,0,
3511071,0,
3515848,0,
3510395,0,
3510396,0,
3515665,0,
3520617,0,
3525691,0,
3518356,0,
3519849,0,
3523274,0,
3519851,0,
3520660,0,
2132668,1,STACK
3523273,0,
3525772,0,
3519852,0,
3521320,0,
3522991,0,
3524891,0,
3525773,0,
3524890,0,
3526809,0,
2821102,1,SCATTER-GATHER
3520659,0,
3523272,0,
3521153,0,
3519660,0,
3520658,0,
3522992,0,
3518358,0,
3526807,0,
3520657,0,
3522934,0,
3518355,0,
3526523,0,
3526808,0,
3522935,0,
3522933,0,
3519850,0,
3521152,0,
3523275,0,
3521853,0,
3518357,0,
3520439,0,
3536193,0,
3536194,0,
3529333,0,
3536272,0,
3531006,0,
3531319,0,
3535161,0,
3528594,0,
3528842,0,
3528293,0,
3535074,0,
3531171,0,
3531172,0,
3531317,0,
3528290,0,
3531318,0,
3528593,0,
3530329,0,
3530330,0,
3534260,0,
3534390,0,
3531005,0,
3535073,0,
3535160,0,
3240080,1,GATHER-SCATTER
3529334,0,
3536271,0,
3532334,0,
3532335,0,
3531314,0,
3528843,0,
3528291,0,
3528292,0,
3534391,0,
3543661,0,
3546962,0,
3539490,0,
3541269,0,
3539129,0,
3539299,0,
3541472,0,
3545885,0,
3546961,0,
3541267,0,
3544725,0,
3544726,0,
3541268,0,
3546108,0,
3540043,0,
3540632,0,
3541470,0,
3537454,0,
3541471,0,
3539300,0,
3545886,0,
3546107,0,
3543662,0,
3539761,0,
3539275,0,
3539489,0,
3540633,0,
3545884,0,
3539762,0,
3539274,0,
3548248,0,
3548249,0,
3551394,0,
3551585,0,
3552928,0,
3553492,0,
3554131,0,
3554838,0,
3551537,0,
3554029,0,
3551567,0,
3554132,0,
3551393,0,
3552929,0,
3550329,0,
3552930,0,
3549455,0,
3550328,0,
3551561,0,
3551562,0,
3550154,0,
3551659,0,
3548593,0,
3551308,0,
3553535,0,
3555489,0,
3556237,0,
3551568,0,
3554030,0,
3554133,0,
3552859,0,
3552860,0,
3551584,0,
3551586,0,
3551660,0,
3556443,0,
2204242,0,
2204243,0,
2204244,1,CYCLE
3550153,0,
3551309,0,
3556773,0,
3549454,0,
3551817,0,
3552164,0,
3554031,0,
3551587,0,
3551551,0,
3554134,0,
3554839,0,
3553493,0,
3548594,0,
3549453,0,
3555488,0,
3555501,0,
3556736,0,
3552163,0,
3551563,0,
3551564,0,
3551816,0,
3552857,0,
3552858,0,
3554984,0,
3555500,0,
3551478,0,
3553767,0,
3556774,0,
3561804,0,
3561805,0,
3563753,0,
3557512,0,
3559110,0,
3561013,0,
3566317,0,
3557697,0,
3558511,0,
3558512,0,
3557694,0,
3565825,0,
3558597,0,
3557696,0,
3558814,0,
3559109,0,
3562144,0,
3566315,0,
3562145,0,
3557695,0,
3560138,0,
3564084,0,
3565824,0,
3123394,1,FAN-IN
3566078,0,
3558815,0,
3563751,0,
3566699,0,
3561376,0,
3563752,0,
3566700,0,
3561500,0,
3566990,0,
3566991,0,
3566316,0,
3564799,0,
3560139,0,
3558598,0,
3564800,0,
3572194,0,
3568823,0,
3574512,0,
3576512,0,
3574455,0,
3570251,0,
3571550,0,
3574456,0,
3575764,0,
3575765,0,
3568822,0,
3567301,0,
3568803,0,
3572193,0,
3567293,0,
3576497,0,
3567294,0,
3569338,0,
3570955,0,
3570956,0,
3567809,0,
3567810,0,
3570413,0,
3572578,0,
3576498,0,
3568004,0,
3568228,0,
3571941,0,
3567362,0,
3570954,0,
3575766,0,
3575767,0,
2651109,1,STACK
3567813,0,
3567814,0,
3570414,0,
3572152,0,
2645715,1,STACK
3567363,0,
3572195,0,
3576168,0,
3569339,0,
3571942,0,
3572151,0,
3570412,0,
3576511,0,
3567811,0,
3567812,0,
3574513,0,
3575768,0,
3575769,0,
3570252,0,
3567302,0,
3568802,0,
3570957,0,
3576499,0,
3568824,0,
3571551,0,
3570415,0,
3572158,0,
3576169,0,
3580977,0,
3583771,0,
3585120,0,
3585770,0,
3582914,0,
3578363,0,
3580978,0,
3583251,0,
3580092,0,
3580368,0,
3577284,0,
3577361,0,
3579922,0,
3584269,0,
2976947,0,
2976948,1,FAN-OUT
3586522,0,
3585771,0,
3586521,0,
3577285,0,
3583250,0,
3584195,0,
3580367,0,
3583772,0,
3582803,0,
3583249,0,
3577543,0,
3578149,0,
3581865,0,
3585618,0,
3577254,0,
3582804,0,
3580850,0,
3584196,0,
3585605,0,
3585606,0,
3586123,0,
3580036,0,
3584853,0,
3577542,0,
3579921,0,
3585091,0,
3577540,0,
3577255,0,
3578148,0,
3578362,0,
3585121,0,
3580035,0,
3584270,0,
3579920,0,
3586124,0,
3577362,0,
3577541,0,
3578077,0,
3578076,0,
3584854,0,
3580849,0,
3594200,0,
3594199,0,
3587743,0,
3589548,0,
3594413,0,
3591207,0,
2236777,0,
2236778,1,CYCLE
3594601,0,
3595643,0,
3595085,0,
3587865,0,
3587866,0,
3589562,0,
3590800,0,
3595645,0,
3595644,0,
3590801,0,
3589544,0,
3596778,0,
3594183,0,
3587744,0,
3595646,0,
3587742,0,
3591357,0,
3587350,0,
3589547,0,
3589561,0,
3589546,0,
3591356,0,
3592130,0,
3591206,0,
3595086,0,
3596779,0,
3594184,0,
3594414,0,
3589545,0,
3598757,0,
3602245,0,
3599048,0,
3601950,0,
3605004,0,
3601541,0,
3602246,0,
3598350,0,
3604718,0,
3606135,0,
3604719,0,
3597284,0,
3597096,0,
3597436,0,
3605821,0,
3601535,0,
3603956,0,
3601539,0,
3603629,0,
3597437,0,
3599046,0,
3603436,0,
3605891,0,
3603548,0,
3604089,0,
3602058,0,
3606136,0,
3606137,0,
3599047,0,
3601948,0,
3603630,0,
3605822,0,
3598349,0,
3603955,0,
3598756,0,
3605892,0,
3602057,0,
3599049,0,
3604797,0,
3601540,0,
3603549,0,
3604090,0,
3605003,0,
3597285,0,
3603435,0,
3604798,0,
3597608,0,
3601949,0,
3610635,0,
3610815,0,
3614379,0,
3612273,0,
3614384,0,
3614393,0,
3613704,0,
3614390,0,
3608363,0,
3614382,0,
3615016,0,
3615018,0,
3612063,0,
3614387,0,
3614392,0,
3607985,0,
3608364,0,
3614637,0,
3610816,0,
3607984,0,
3610276,0,
3613903,0,
3613904,0,
3614376,0,
3608372,0,
3608676,0,
3614636,0,
3608371,0,
3616109,0,
3614381,0,
3612077,0,
3614378,0,
3614394,0,
3615884,0,
3610124,0,
3610359,0,
3614386,0,
3612263,0,
3614388,0,
3612078,0,
3616112,0,
3123395,1,FAN-IN
3614391,0,
2392198,1,SCATTER-GATHER
3610275,0,
3607986,0,
3610360,0,
3614377,0,
3614635,0,
3616111,0,
3612262,0,
3608442,0,
3610634,0,
3614389,0,
3608674,0,
3608675,0,
3612076,0,
3614380,0,
3614385,0,
3614547,0,
3608441,0,
3614375,0,
3615017,0,
3612075,0,
3614383,0,
3614546,0,
3616994,0,
3625785,1,FAN-OUT
3616903,0,
3621507,0,
3617951,0,
3618667,0,
3619440,0,
3618668,0,
3625021,0,
3625284,0,
3625766,0,
3625767,1,CYCLE
3622908,0,
2670331,1,CYCLE
3623526,0,
3617952,0,
3616995,0,
3621086,0,
3623435,0,
3621087,0,
2204245,0,
2204246,1,CYCLE
3616662,0,
3622906,0,
3625020,0,
3624909,0,
3624908,0,
3622675,0,
3618596,0,
3621508,0,
3625019,0,
3618595,0,
3621506,0,
3623436,0,
3618889,0,
3616661,0,
3622905,0,
3621085,0,
3621505,0,
3622907,0,
3618890,0,
3622676,0,
3630722,0,
3629750,0,
3628234,0,
3629335,0,
3635840,0,
3626240,0,
3629336,0,
3631236,0,
3634214,0,
3634398,0,
3635841,0,
3634213,0,
3635568,0,
3630721,0,
3631966,0,
3635569,0,
3629749,0,
3627758,0,
3627759,0,
3635842,0,
3635807,0,
3634212,0,
3635806,0,
3635843,0,
3631965,0,
3633308,0,
3629908,0,
3629909,0,
3631235,0,
3628729,1,
3643819,0,
3639960,0,
3640742,0,
3643498,0,
3636722,0,
3639424,0,
3637610,0,
3637611,0,
3638816,0,
3641700,0,
3641954,0,
3641623,0,
2216676,0,
2216677,1,FAN-IN
3638817,0,
3638854,0,
3640741,0,
3639961,0,
3638852,0,
3638853,0,
3643818,0,
3641953,0,
3639423,0,
3652818,0,
3654505,0,
3654506,0,
3652678,0,
3645990,0,
3647806,0,
3647753,0,
3649665,0,
3649864,0,
3649865,0,
3653400,0,
3647754,0,
3645687,0,
3654503,0,
3654504,0,
3645967,0,
3649021,0,
3651539,0,
3647752,0,
3652056,0,
3652677,0,
3652785,0,
3653432,0,
3651366,0,
3649666,0,
2947913,0,
2947914,1,STACK
3650859,0,
3653399,0,
3651367,0,
3652622,0,
3653617,0,
3646684,0,
3651540,0,
3648718,0,
3652055,0,
3652782,0,
3652819,0,
3653431,0,
3648719,0,
3652621,0,
3653616,0,
3652783,0,
3652784,0,
3658709,0,
3658710,0,
3659066,0,
3659852,0,
3662105,0,
3664108,0,
3658144,0,
3658711,0,
3658143,0,
3662106,0,
3655232,0,
3659650,0,
3662463,0,
3664089,0,
3656875,0,
3656873,0,
3657724,0,
3658811,0,
3662104,0,
3664461,0,
3661590,0,
3658812,0,
3664109,0,
3659649,0,
3657723,0,
3662462,0,
3661663,0,
3662108,0,
3664088,0,
3664460,0,
3662956,0,
3658145,0,
3660947,0,
3656874,0,
3658810,0,
3661873,0,
3658142,0,
3662955,0,
3661664,0,
3655878,0,
3655879,0,
3658813,0,
3662107,0,
3661591,0,
3659067,0,
3660948,0,
3661874,0,
3667268,0,
3666725,0,
3670875,0,
3666191,0,
3672534,0,
3671263,0,
3673348,0,
3674081,0,
3669819,0,
3672532,0,
3668183,0,
3671494,0,
3673349,0,
3666190,0,
3666805,0,
3669985,0,
3670390,0,
3670391,0,
3666804,0,
3669781,0,
3670874,0,
3672533,0,
3671264,0,
3664795,0,
3671023,0,
3670835,0,
3671495,0,
3671496,0,
3669984,0,
3672340,0,
3673267,0,
3666724,0,
3671022,0,
3671477,0,
3673266,0,
3667247,0,
3669783,0,
3670836,0,
3664794,0,
3668184,0,
3671478,0,
3669782,0,
3669820,0,
3675830,0,
3678254,0,
3677500,0,
3674947,0,
3676005,0,
3681870,0,
3682906,0,
3683715,0,
3679406,0,
3683716,0,
3676953,0,
3677502,0,
3676952,0,
3679405,0,
3677038,0,
3675831,0,
3677037,0,
3681451,0,
3675832,0,
3678979,0,
3683954,0,
3675829,0,
3679107,0,
3680043,0,
3677501,0,
3680044,0,
3678251,0,
3678592,0,
3679108,0,
3681450,0,
3682907,0,
3678593,0,
3678252,0,
2387725,0,
2387726,1,GATHER-SCATTER
3676006,0,
3678253,0,
3681449,0,
3687663,0,
3687104,0,
3691298,0,
3693726,0,
3685074,0,
3685630,0,
3693628,0,
3686884,0,
3693731,0,
3687662,0,
3693410,0,
3685631,0,
3687103,0,
3687823,0,
3692361,0,
3687824,0,
3693409,0,
3686883,0,
3691299,0,
3693727,0,
3688801,0,
3688802,0,
3692362,0,
3693407,0,
3689147,0,
3693730,0,
3685075,0,
3686885,0,
3693408,0,
3694576,0,
3694078,0,
3702072,0,
3702073,0,
3694775,0,
3696825,0,
3698001,0,
3699336,0,
3695705,0,
3694494,0,
3694575,0,
3699337,0,
3694079,0,
3698002,0,
3698086,0,
3703109,0,
3696473,0,
3694774,0,
3697359,0,
3700030,0,
3695704,0,
3696805,0,
3696826,0,
3702074,0,
3698087,0,
3699835,0,
3702512,0,
3696804,0,
3697360,0,
3694495,0,
3700029,0,
3696474,0,
3699836,0,
3704075,0,
3704388,0,
3711862,0,
3705826,0,
3712575,0,
3707050,0,
3706939,0,
3711524,0,
3705570,0,
3704387,0,
3705571,0,
3705827,0,
3706655,0,
3710371,0,
3710069,0,
3707239,0,
3708411,0,
3709595,0,
3710070,0,
3709593,0,
3706941,0,
3707494,0,
3709596,0,
3710888,0,
3711860,0,
3706940,0,
3707492,0,
3704076,0,
3706903,0,
3707240,0,
3709597,0,
3710369,0,
3711861,0,
3710370,0,
3706902,0,
3710071,0,
3707051,0,
3707493,0,
3709594,0,
3708412,0,
3711523,0,
3718365,0,
3721892,0,
3718364,0,
3715253,0,
3718960,0,
3721891,0,
3716588,0,
3721869,0,
3720742,0,
3714975,0,
3720640,0,
3714246,0,
3717617,0,
3721870,0,
3714976,0,
3716587,0,
3718988,0,
3716251,0,
3716411,0,
3719393,0,
3720641,0,
3713782,0,
3717616,0,
3718366,0,
3716412,0,
3719394,0,
3721351,0,
3720741,0,
3715252,0,
3718961,0,
3718962,0,
3718987,0,
3713781,0,
3721352,0,
3729028,0,
3727806,0,
3726567,0,
3730050,0,
3732365,0,
3727808,0,
3726417,0,
3726700,0,
3730288,0,
3724125,0,
3726211,0,
3726568,0,
3726699,0,
3725648,0,
3730049,0,
3727809,0,
3726416,0,
3730287,0,
3732364,0,
3732500,1,GATHER-SCATTER
3724126,0,
3727807,0,
3729027,0,
3729546,0,
3731250,0,
3729545,0,
3743777,0,
3743891,0,
3756102,0,
3732946,0,
3750555,0,
3752325,0,
3753039,0,
3746891,0,
3753329,0,
3734737,0,
3735406,0,
3742032,0,
3743141,0,
3746637,0,
3756285,0,
3735404,0,
3750166,0,
3753003,0,
3756286,0,
2230414,1,SCATTER-GATHER
3735204,0,
3736247,0,
3741676,0,
3743890,0,
3746937,0,
3744102,0,
3745674,0,
3753934,0,
3740230,0,
3743223,0,
3743778,0,
3748463,0,
3752704,0,
3755641,0,
3756679,0,
3733942,0,
3734846,0,
3738692,0,
3740228,0,
3734457,0,
3742034,0,
3745167,0,
3735676,0,
3746485,0,
3750549,0,
3756100,0,
3733951,0,
3737680,0,
3742966,0,
3746638,0,
3750286,0,
3738962,0,
3744101,0,
3753935,0,
3742033,0,
3742035,0,
3743222,0,
3752723,0,
3744368,0,
3750163,0,
3737699,0,
3738094,0,
3751610,0,
3756101,0,
3737661,0,
3745673,0,
3732845,0,
3746378,0,
3738095,0,
3749055,0,
3750162,0,
3750554,0,
3756932,0,
3738093,0,
3740582,0,
3741684,0,
3747051,0,
3750161,0,
3734009,0,
3752552,0,
3753004,0,
3748171,0,
3752298,0,
3753037,0,
3734456,0,
3738082,0,
3748716,0,
3754754,0,
3736154,0,
3737693,0,
3742926,0,
3749031,0,
3751517,0,
3744502,0,
3745808,0,
3755100,0,
3761164,0,
3764996,0,
3765312,0,
3758479,0,
3759447,0,
3762443,0,
3766286,0,
3758478,0,
3762637,0,
3765619,0,
3759561,0,
3763757,0,
3765314,0,
3762444,0,
3764112,0,
3757868,0,
3763756,0,
2234573,1,FAN-OUT
3757929,0,
3764995,0,
3766092,0,
3759448,0,
3758480,0,
3759562,0,
3759753,0,
3765535,0,
3761165,0,
3763759,0,
3760929,0,
3760928,0,
3761965,0,
3764111,0,
3764155,0,
3765658,0,
3766285,0,
3762638,0,
3766283,0,
3759756,0,
3763758,0,
3762636,0,
3765536,0,
3757870,0,
3764154,0,
3757869,0,
3766284,0,
3759754,0,
3765620,0,
3765621,0,
3766093,0,
3765313,0,
3769486,0,
3768248,0,
3775691,0,
3768358,0,
3769432,0,
3770653,0,
3771405,0,
3775347,0,
3769485,0,
3771153,0,
3773869,0,
3767254,0,
3769115,0,
3769369,0,
3771152,0,
3775259,0,
3775802,0,
3775348,0,
3775465,0,
3768359,0,
3772725,0,
3775258,0,
3775692,0,
3770654,0,
3771406,0,
3772726,0,
3769060,0,
3769368,0,
3775693,0,
3773870,0,
3775464,0,
3775349,0,
3767255,0,
3768247,0,
3767253,0,
3769114,0,
3769433,0,
3769061,0,
3352017,0,
3352018,1,CYCLE
3775346,0,
3775803,0,
3780590,1,CYCLE
3778929,0,
3780012,0,
3777563,0,
3779719,0,
3781202,0,
3784014,0,
3785500,0,
3784824,0,
3781203,0,
3785502,0,
3781362,0,
3785501,0,
3780118,0,
3779423,0,
3780013,0,
3780119,0,
3781226,0,
3779720,0,
3781103,0,
3779424,0,
3784825,0,
3785499,0,
3777560,0,
3778193,0,
3779718,0,
3776701,0,
3777561,0,
3776699,0,
3779717,0,
3785071,0,
3785072,0,
3780643,0,
3781102,0,
3781225,0,
3783492,0,
2236779,0,
2236780,0,
2236781,1,CYCLE
3777562,0,
3781361,0,
3783285,0,
3780644,0,
3784848,0,
3784849,0,
3776700,0,
3778194,0,
3778928,0,
3783825,0,
3784013,0,
3784846,0,
3784847,0,
3786108,0,
3786807,0,
3791515,0,
3786806,0,
3789624,0,
3794920,0,
3788110,0,
3791514,0,
3786362,0,
3787596,0,
3786675,0,
3794918,0,
3790406,0,
3790751,0,
3794123,0,
3786674,0,
3787594,0,
3789765,0,
3789766,0,
3786703,0,
3790405,0,
3792919,0,
3786673,0,
3794447,0,
3787595,0,
3786363,0,
3786704,0,
3789621,0,
3790752,0,
3794122,0,
3790177,0,
3792920,0,
3794919,0,
3788111,0,
3791513,0,
3789622,0,
3794448,0,
3786364,0,
3789623,0,
3798818,0,
3798684,0,
3795875,0,
3796349,0,
3797011,0,
3802521,0,
3797919,0,
3798683,0,
3803018,0,
3803593,0,
3802205,0,
3796350,0,
3803706,0,
3803707,0,
3796389,0,
3800431,0,
3800803,0,
3803592,0,
3797918,0,
3803017,0,
3796348,0,
3796037,0,
3803705,0,
3796036,0,
3799570,0,
3802207,0,
3797458,0,
3797504,0,
3802206,0,
3799569,0,
3803016,0,
3797012,0,
3800804,0,
3802208,0,
3802520,0,
3797503,0,
3809943,0,
3811939,0,
3811770,0,
3812169,0,
3807169,0,
3810495,0,
3806528,0,
3806930,0,
3810496,0,
3812391,0,
3812168,0,
3812170,0,
3810416,0,
3805988,0,
3806529,0,
3806636,0,
3809735,0,
3810141,0,
3809942,0,
3812575,0,
3814341,0,
3812390,0,
3811115,0,
3813339,0,
3812574,0,
3811688,0,
3813340,0,
3811116,0,
3805989,0,
3810415,0,
3811938,0,
3807168,0,
3814342,0,
3806637,0,
3806929,0,
3809736,0,
3810142,0,
3810143,0,
3810417,0,
3811937,0,
3811092,0,
3811687,0,
3815527,0,
3817661,0,
3823946,0,
3819124,0,
3822465,0,
3822392,0,
3815809,0,
3815779,0,
3815780,0,
3815840,0,
3815841,0,
3819007,0,
3823947,0,
3815528,0,
3823945,0,
3823186,0,
3821945,0,
3815526,0,
3815781,0,
3815782,0,
3815783,0,
3815784,0,
3815808,0,
3819126,0,
3817487,0,
3816690,0,
3817488,0,
3819008,0,
3816691,0,
3819123,0,
3819009,0,
3821944,0,
3822466,0,
3815842,0,
3815843,0,
3823011,0,
3819125,0,
3817257,0,
3817490,0,
3817660,0,
3817489,0,
3822393,0,
3823187,0,
3831204,0,
3825132,0,
3825750,0,
3828361,0,
3834568,0,
3826712,0,
3831203,0,
3833289,0,
3831888,0,
3834569,0,
3826547,0,
3833254,0,
3833290,0,
3826421,0,
3826546,0,
3831889,0,
3826420,0,
3831233,0,
3825133,0,
3826711,0,
3828360,0,
3838822,0,
3839087,0,
3840258,0,
3842333,0,
3836108,0,
3837423,0,
3844224,0,
3838528,0,
3835543,0,
3836109,0,
3838527,0,
3840725,0,
3844034,0,
3844113,0,
3844114,0,
3836107,0,
3841918,0,
3842334,0,
3836106,0,
3840259,0,
3841551,0,
3842110,0,
3843991,0,
3844229,0,
3841917,0,
3842712,0,
3842710,0,
3840724,0,
3844228,0,
3837422,0,
3838823,0,
3842111,0,
3842713,0,
3841550,0,
3835580,0,
3842711,0,
3841916,0,
3838177,0,
3844225,0,
3835581,0,
3837346,0,
3843894,0,
3844222,0,
3843992,0,
3844227,0,
3835544,0,
3840257,0,
3840929,0,
3838176,0,
3843874,0,
3843893,0,
3844033,0,
3844223,0,
3837345,0,
3839086,0,
3840930,0,
3843990,0,
3846611,0,
3849089,0,
3846407,0,
3850349,0,
3846408,0,
3850350,0,
3850351,0,
3846813,0,
3844989,0,
3846812,0,
3849509,0,
3852314,0,
3853486,0,
3846866,0,
3849090,0,
3850348,0,
3852313,0,
3852169,0,
3849554,0,
3846867,0,
3845142,0,
3848488,0,
3852443,0,
3851553,0,
3853485,0,
3849508,0,
3849088,0,
3852444,0,
3846868,0,
3847846,0,
3846864,0,
3844988,0,
3850352,0,
3848487,0,
3850372,0,
3850373,0,
3846865,0,
3847847,0,
3849555,0,
3845141,0,
3851554,0,
3852315,0,
3846612,0,
3848472,0,
3860124,0,
3854458,0,
3855427,0,
3855428,0,
3858844,0,
3861198,0,
3861520,0,
3855483,0,
3860679,0,
3858724,0,
3858939,0,
3856550,0,
3861924,0,
3859303,0,
3859498,0,
3861199,0,
3861501,0,
3856551,0,
3862412,0,
3860122,0,
3858233,0,
3855426,0,
3858725,0,
3856552,0,
3859499,0,
3860123,0,
3861519,0,
3860678,0,
3854457,0,
3859304,0,
3858940,0,
3861925,0,
3870558,0,
3864620,0,
3869238,0,
3866469,0,
3872275,0,
3864619,0,
3866007,0,
3871041,0,
3871042,0,
3866008,0,
3872350,0,
3872274,0,
3870557,0,
3866361,0,
3866468,0,
3872325,0,
3872351,0,
3866360,0,
3869239,0,
3876009,0,
3882395,0,
3123397,1,FAN-IN
3874296,0,
3876703,0,
3878646,0,
3877168,0,
3882021,0,
3874706,0,
3877238,0,
3877313,0,
2757790,1,GATHER-SCATTER
3875286,0,
3877243,0,
3877999,0,
3878401,0,
3878626,0,
3882394,0,
3876702,0,
3877242,0,
3880578,0,
3877312,0,
3882197,0,
3877167,0,
3878645,0,
3873709,0,
3876010,0,
3878732,0,
2387727,0,
2387728,1,GATHER-SCATTER
3878400,0,
3883092,0,
3878647,0,
3882698,0,
3877075,0,
3878644,0,
3882022,0,
3873710,0,
3880577,0,
3883093,0,
3874295,0,
3875287,0,
3877239,0,
3877952,0,
3878625,0,
3878734,0,
3877953,0,
3878733,0,
3878735,0,
3886494,0,
3892600,0,
3888243,0,
3885663,0,
3885697,0,
3886510,0,
3889716,0,
3885664,0,
3886660,0,
3886495,0,
3886661,0,
3884721,0,
3889557,0,
3885698,0,
3886658,0,
3884722,0,
3888246,0,
3889717,0,
2387729,0,
2387730,1,GATHER-SCATTER
3888242,0,
3884127,0,
3886178,0,
3886492,0,
3889028,0,
3891538,0,
3886900,0,
3891781,0,
3883681,0,
3891723,0,
3886496,0,
3889555,0,
3886881,0,
3891722,0,
3891782,0,
3889605,0,
3892399,0,
3886882,0,
3889027,0,
3886901,0,
3886659,0,
3890621,0,
3885120,0,
3891539,0,
3886511,0,
3888244,0,
3889606,0,
3885119,0,
3887860,0,
3888245,0,
3884128,0,
3886493,0,
3890622,0,
3892398,0,
3889556,0,
3895925,0,
3895135,0,
3900205,0,
3900862,0,
3894136,0,
3896516,0,
2762113,1,FAN-IN
3898192,0,
3895926,0,
3896724,0,
3900861,0,
3894438,0,
3899710,0,
3896833,0,
3894218,0,
3895134,0,
3895907,0,
3900206,0,
3895908,0,
3895982,0,
3899708,0,
3902320,0,
3896517,0,
3899709,0,
3894137,0,
3900618,0,
3896065,0,
3896723,0,
3894219,0,
3903269,0,
3905710,0,
3906961,0,
3902927,0,
3909762,0,
3911089,0,
3903153,0,
3909698,0,
3911858,0,
3906087,0,
3903250,0,
3906159,0,
3906163,0,
3904220,0,
3906085,0,
3912141,0,
3906160,0,
3910047,0,
3912066,0,
3907941,0,
3910562,0,
3905708,0,
3910563,0,
3912140,0,
3902930,0,
3903251,0,
3903263,0,
3911090,0,
3911856,0,
3902929,0,
3906043,0,
3909763,0,
3902638,0,
3902928,0,
3909724,0,
3910049,0,
3902637,0,
3903252,0,
3903264,0,
3906962,0,
3910048,0,
3912179,0,
3903270,0,
3905709,0,
3906162,0,
3906339,0,
3907940,0,
3903154,0,
3905420,0,
3906161,0,
3911857,0,
3904273,0,
3905421,0,
3904219,0,
3904272,0,
3905422,0,
3908423,0,
3908424,0,
3904275,0,
3906086,0,
3909723,0,
3906338,0,
3904274,0,
3909697,0,
3912139,0,
3914571,0,
3914743,0,
3915441,0,
3915031,0,
3912663,0,
3913001,0,
3913946,0,
3917870,0,
3922142,0,
3919577,0,
3915030,0,
3921213,0,
3913609,0,
2204247,0,
2204248,1,CYCLE
3913002,0,
3912450,0,
3919578,0,
3912662,0,
3913610,0,
3918551,0,
3919580,0,
3914742,0,
3919579,0,
3920399,0,
3919576,0,
3913212,0,
3913945,0,
3914572,0,
3918550,0,
3921214,0,
3920400,0,
3915440,0,
3922678,0,
3924867,0,
3925246,0,
3927787,0,
3928959,0,
3925248,0,
3925245,0,
3924365,0,
3925244,0,
3926840,0,
3925247,0,
3925845,0,
3931709,0,
3922694,0,
3925844,0,
3926411,0,
3926410,0,
3929246,0,
3929247,0,
3929310,0,
3925049,0,
3924865,0,
3922693,0,
3924364,0,
3926372,0,
3924866,0,
3929309,0,
3925048,0,
3929506,0,
3931250,0,
3924266,0,
3924366,0,
2216678,1,FAN-IN
2621966,0,
2621967,1,CYCLE
3925050,0,
3922679,0,
3929505,0,
3930288,0,
3931800,0,
3922692,0,
3926371,0,
3927786,0,
3925047,0,
3926839,0,
3928958,0,
3932682,0,
3932723,0,
3939651,0,
3939265,0,
3938029,0,
3935117,0,
3939748,0,
3932681,0,
3934704,0,
3939747,0,
3932680,0,
3939458,0,
3939459,0,
3935116,0,
3940342,0,
2244741,1,GATHER-SCATTER
3934233,0,
3937977,0,
3938030,0,
3935615,0,
3939266,0,
3935059,0,
3935060,0,
3932724,0,
3937976,0,
3938028,0,
3934084,0,
3940343,0,
3932722,0,
3934705,0,
3934234,0,
3935614,0,
3935460,0,
3939264,0,
3944858,0,
3950116,0,
3950694,0,
3944859,0,
3949367,0,
3945966,0,
3946029,0,
3943888,0,
3945967,0,
3944358,0,
3947420,0,
3946028,0,
3943889,0,
3946053,0,
3946054,0,
3950695,0,
3945769,0,
3949366,0,
3950117,0,
3954471,0,
3951927,0,
3953547,0,
3955901,0,
3960861,0,
3955919,0,
3955960,0,
3960860,0,
3953785,0,
3955902,0,
3960403,0,
3961549,0,
3955761,0,
3960202,0,
3961550,0,
3955760,0,
3953588,0,
3955920,0,
3953784,0,
3955961,0,
3956851,0,
3957100,0,
3960201,0,
3960402,0,
3956852,0,
3957098,0,
3957263,0,
3958291,0,
3958947,0,
3953587,0,
3953548,0,
3958967,0,
3955762,0,
3954669,0,
3960401,0,
3960203,0,
3954668,0,
3957262,0,
3954470,0,
3958948,0,
3959876,0,
3959877,0,
3951928,0,
3953786,0,
3463855,1,SCATTER-GATHER
3952987,0,
3969177,0,
3964236,0,
3964412,0,
2387731,0,
2387732,1,GATHER-SCATTER
3964089,0,
3965464,0,
3965947,0,
3964237,0,
3965519,0,
3965465,0,
3965946,0,
3964087,0,
3964238,0,
3963225,0,
3964088,0,
3969176,0,
3963226,0,
3974315,0,
3976521,0,
3979736,0,
3971864,0,
3976519,0,
3976632,0,
3979976,0,
3976634,0,
3971511,0,
3978183,0,
3974186,0,
3980675,0,
3980921,0,
3976633,0,
3979590,0,
3973512,0,
3977161,0,
3980099,0,
3980698,0,
3972595,0,
3975396,0,
3978184,0,
3972616,0,
3978839,0,
3974185,0,
3976636,0,
3974316,0,
3978840,0,
3979735,0,
3976520,0,
3979978,0,
3980922,0,
3972615,0,
3973511,0,
3976631,0,
3980098,0,
3980697,0,
3980699,0,
3976630,0,
3980700,0,
3971865,0,
3975348,0,
3979589,0,
3979977,0,
3972614,0,
3980674,0,
3974317,0,
3123485,1,STACK
3975347,0,
3972596,0,
3976635,0,
3977160,0,
3979737,0,
3975395,0,
3976522,0,
3986299,0,
3982812,0,
3989528,0,
3982459,0,
3984599,0,
3990192,0,
3981357,0,
3988426,0,
3989529,0,
3981850,0,
3984600,0,
3984687,0,
3987231,0,
3988981,0,
3981561,0,
3984688,0,
3990193,0,
3987064,0,
3981562,0,
3984326,0,
3986318,0,
3988427,0,
3981957,0,
3984601,0,
3984602,0,
3987230,0,
3982811,0,
3981349,0,
3984689,0,
3981348,0,
3987065,0,
3988160,0,
3984327,0,
3984605,0,
3982458,0,
3988982,0,
2621968,0,
2621969,1,CYCLE
3981849,0,
3982813,0,
3989530,0,
3981356,0,
3983387,0,
3981350,0,
3986300,0,
3988983,0,
3987933,0,
3988159,0,
3988428,0,
3981560,0,
3983386,0,
3987066,0,
3992186,0,
3991361,0,
3993999,0,
3991471,0,
3992937,0,
3998515,0,
2947917,0,
2947918,0,
2947919,1,STACK
3994373,0,
3994231,0,
3999301,0,
3993674,0,
3995729,0,
3995730,0,
3995731,0,
3991314,0,
3999300,0,
3991360,0,
3991472,0,
3992424,0,
3994001,0,
3994002,0,
3994230,0,
3994374,0,
3993676,0,
3992187,0,
3995195,0,
3997305,0,
3993677,0,
3998516,0,
3999302,0,
3992708,0,
3995194,0,
3997306,0,
3994000,0,
3625786,0,
3625787,1,FAN-OUT
3994367,0,
3994366,0,
4008737,0,
4000954,0,
4007014,0,
2860252,1,CYCLE
4000953,0,
4005594,0,
4003106,0,
4003107,0,
4008890,0,
4002643,0,
3352019,0,
3352020,1,CYCLE
4002644,0,
4007177,0,
4008738,0,
4005593,0,
4008892,0,
4002898,0,
4007966,0,
4001535,0,
3123399,1,FAN-IN
4005595,0,
4007965,0,
4010182,0,
4007015,0,
4010181,0,
4001536,0,
4002899,0,
4004677,0,
4007178,0,
4009054,0,
4007964,0,
4010179,0,
4010335,0,
4002442,0,
4009976,0,
4004676,0,
4008891,0,
4010245,1,CYCLE
4012519,0,
4013612,0,
4014457,0,
4015537,0,
4014458,0,
4015309,0,
4015310,0,
4014567,0,
4015593,0,
4019676,0,
4014721,0,
4016662,0,
4012235,0,
4015536,0,
2387733,0,
2387734,1,GATHER-SCATTER
4012883,0,
4012882,0,
4016400,0,
4015303,0,
4015304,0,
4015594,0,
4012517,0,
4012737,0,
4013075,0,
4015311,0,
4015312,0,
4019503,0,
4015307,0,
4015308,0,
4012736,0,
4019504,0,
4016661,0,
4013076,0,
4014720,0,
4015305,0,
4015306,0,
4018563,0,
4018564,0,
4019675,0,
4012234,0,
4024216,0,
4028614,0,
4026331,0,
4029561,0,
4029850,0,
4024214,0,
4029574,1,FAN-IN
4028772,0,
4029498,0,
4021667,0,
4026698,0,
4028326,0,
4020614,0,
4026330,0,
4021666,0,
4026699,0,
4020404,0,
4026756,0,
4024215,0,
4026757,0,
4021953,0,
4028771,0,
4020615,0,
4029849,0,
4028327,0,
4028773,0,
4020403,0,
4021952,0,
3123486,1,STACK
4036512,0,
4037948,0,
4037950,0,
4034708,0,
4034362,0,
4030027,0,
4034394,0,
4030414,0,
4030416,0,
4030939,0,
4032717,0,
4034707,0,
4037853,0,
4035402,0,
4037951,0,
4030415,0,
4030771,0,
4034363,0,
4030883,0,
4030884,0,
4033722,0,
4033646,0,
4032888,0,
4035401,0,
4037208,0,
4038310,0,
4031878,0,
4034393,0,
4037153,0,
4039209,0,
4032264,0,
4031440,0,
4032263,0,
4032889,0,
4030772,0,
2244740,1,GATHER-SCATTER
4030417,0,
4032880,0,
4037154,0,
2216679,0,
2216680,1,FAN-IN
4030026,0,
4039208,0,
4033645,0,
4030773,0,
4031441,0,
4032719,0,
4035400,0,
4037947,0,
4038311,0,
4033721,0,
4037207,0,
4037854,0,
4030940,0,
4036511,0,
4041704,0,
4048877,0,
4048878,0,
4040296,0,
2216681,0,
2216682,1,FAN-IN
4039844,0,
4041067,0,
4041583,0,
4041147,0,
4046851,0,
4047985,0,
4039845,0,
4044212,0,
4047264,0,
4047263,0,
4041584,0,
4046849,0,
4048879,0,
4048880,0,
4039667,0,
4041849,0,
4049428,0,
4041066,0,
4040294,0,
4041249,0,
4040295,0,
4040297,0,
4041146,0,
4041068,0,
4041703,0,
4047986,0,
4042714,0,
4042915,0,
4049427,0,
4048865,0,
4039944,0,
4041248,0,
4046852,0,
4039843,0,
4041582,0,
4044211,0,
4045542,0,
4044033,0,
4048317,0,
4042914,0,
4046848,0,
4043355,0,
4039666,0,
4044032,0,
4041148,0,
4046850,0,
4049286,1,RANDOM
4051393,0,
4051862,0,
4051153,0,
4056042,0,
4058913,0,
4059110,0,
4051394,0,
4058196,0,
4059109,0,
4050893,0,
4059372,0,
4050892,0,
4051770,0,
4055949,0,
4052801,0,
4058194,0,
4054519,0,
4056569,0,
4051771,0,
4056570,0,
4052802,0,
4054518,0,
4056561,0,
4058195,0,
4058827,0,
4058828,0,
4056304,0,
4054328,0,
4055948,0,
4056562,0,
4058374,0,
4059217,1,RANDOM
4051863,0,
4051254,0,
4051255,0,
4058826,0,
4058375,0,
4054329,0,
4056041,0,
4059373,0,
4050076,0,
4051152,0,
4056303,0,
4063717,0,
4062240,0,
4063503,0,
4060295,0,
4063636,0,
4064516,0,
4065006,0,
4067311,0,
4059837,0,
4059838,0,
4060872,0,
4067532,0,
4062958,0,
4063501,0,
4063502,0,
4063777,0,
4060294,0,
4061542,0,
4066739,0,
4061047,0,
4062241,0,
4068136,0,
4061104,0,
4063637,0,
4063515,0,
4061046,0,
4061567,0,
4064515,0,
4067531,0,
4060870,0,
4060871,0,
4062957,0,
4065005,0,
4065030,0,
4065031,0,
2976949,0,
2976950,1,FAN-OUT
4059839,0,
4061543,0,
4063264,0,
4063611,0,
4068757,0,
4065028,0,
4065029,0,
4066463,0,
4067312,0,
4063612,0,
4059840,0,
4063265,0,
4063716,0,
4068520,0,
4066462,0,
4068137,0,
4069324,0,
4070746,0,
4076103,0,
4077774,0,
4075215,0,
4077470,0,
4076192,0,
4073264,0,
4074247,0,
4076480,0,
4072436,0,
4076102,0,
4069326,0,
2387735,0,
2387736,1,GATHER-SCATTER
4077775,0,
4072435,0,
4070745,0,
4075216,0,
4076479,0,
4069325,0,
4072771,0,
4079840,0,
4080295,0,
4080682,0,
4080683,0,
4088670,0,
4085571,0,
4088671,0,
4080684,0,
4081097,0,
4081776,0,
4086485,0,
4087849,0,
3123488,1,STACK
4083428,0,
4086253,0,
4079036,0,
4080681,0,
4086484,0,
4081965,0,
4083426,0,
4080953,0,
4085570,0,
4079037,0,
4081775,0,
4081777,0,
4083596,0,
4080955,0,
4080294,0,
4080954,0,
4081098,0,
4080680,0,
4080834,0,
4080835,0,
4085569,0,
4086254,0,
4087264,0,
4081778,0,
4093955,0,
4093956,0,
4097187,0,
4093265,0,
4096641,0,
4090543,0,
4097384,0,
4089543,0,
4096399,0,
4098139,0,
4093996,0,
4094412,0,
4089186,0,
4094923,0,
4096398,0,
4091048,0,
4094413,0,
4091047,0,
4092154,0,
4093256,0,
4096122,0,
4089187,0,
4090863,0,
4096125,0,
4093995,0,
4094414,0,
4091749,0,
4089542,0,
4092155,0,
4096124,0,
4096643,0,
4089223,0,
4089224,0,
4096642,0,
4097186,0,
4090076,0,
4093255,0,
4094921,0,
4090542,0,
4090864,0,
4093254,0,
4094922,0,
4096754,0,
4089188,0,
4097385,0,
4098138,0,
4093266,0,
4093994,0,
4096755,0,
4096123,0,
4096397,0,
4096270,0,
4098216,0,
4091748,0,
4100803,0,
4102502,0,
4107345,0,
4101439,0,
4102521,0,
4105401,0,
4100209,0,
4099415,0,
4100693,0,
4101515,0,
4102424,0,
4100245,0,
4102523,0,
4103072,0,
4101514,0,
4099268,0,
4099269,0,
4100801,0,
4103211,0,
4103565,0,
4099416,0,
4101662,0,
4104896,0,
2762114,1,FAN-IN
4102425,0,
4107344,0,
4104898,0,
4103210,0,
4107346,0,
4101438,0,
4101701,0,
4103564,0,
4099240,0,
4100246,0,
4102522,0,
4100694,0,
4108088,0,
4101700,0,
4104897,0,
4105402,0,
4101661,0,
4102780,0,
4100802,0,
4102503,0,
4099239,0,
4099414,0,
4100208,0,
4110176,0,
4113771,0,
4113241,0,
4109511,0,
4113770,0,
4114552,0,
4112142,0,
4111484,0,
4114737,0,
4111095,0,
4113392,0,
4116041,0,
4116954,0,
4111483,0,
4114553,0,
4116955,0,
4113240,0,
4113391,0,
4113987,0,
4111359,0,
4111360,0,
4110143,0,
4117210,0,
4117633,0,
4113390,0,
4116181,0,
4116182,0,
4109922,0,
4113242,0,
4113389,0,
4113243,0,
4109510,0,
4112143,0,
4116889,0,
4110177,0,
4111096,0,
4114738,0,
4116183,0,
4117632,0,
4109923,0,
4109925,0,
4109924,0,
4114736,0,
4120626,0,
4120657,0,
4122102,0,
4120625,0,
4123645,0,
4120154,0,
4123713,0,
4126947,0,
4128112,0,
4122397,0,
2757791,1,GATHER-SCATTER
4120348,0,
4124994,0,
4120546,0,
4124049,0,
4123711,0,
4122101,0,
4127423,0,
4124048,0,
4128113,0,
4120349,0,
4120155,0,
4122396,0,
4122100,0,
4118244,0,
4125894,0,
4126948,0,
4118529,0,
4118531,0,
4118243,0,
4118944,0,
4118945,0,
4118530,0,
4120187,0,
4123646,0,
4123712,0,
4124993,0,
4120188,0,
4123714,0,
4136579,0,
4137541,0,
4137218,0,
4132338,0,
4134332,0,
4136580,0,
4131592,0,
4131785,0,
4135035,0,
3990435,1,BIPARTITE
4137540,0,
4132337,0,
4133813,0,
4131594,0,
4131786,0,
4131593,0,
4131788,0,
4132541,0,
4133814,0,
4137219,0,
4134680,0,
4132542,0,
4134678,0,
4134331,0,
4134679,0,
4130748,0,
4131787,0,
4135034,0,
4143255,0,
4145760,0,
4147109,0,
4140455,0,
4147111,0,
4141327,0,
4144712,0,
4145762,0,
4139457,0,
4139458,0,
4146653,0,
4141648,0,
4141895,0,
4143258,0,
4143747,0,
4144909,0,
4141649,0,
4144910,0,
4139183,0,
4143660,0,
4144908,0,
4145897,0,
4146652,0,
4138271,0,
4141326,0,
4146989,0,
4147110,0,
4141893,0,
4144711,0,
4146990,0,
4141894,0,
4143659,0,
4138270,0,
4139184,0,
4145761,0,
4142412,0,
4141892,0,
4144713,0,
4147680,0,
4149226,0,
4152370,0,
4155735,0,
4155568,0,
4155614,0,
4155615,0,
4149006,0,
4150028,0,
4150726,0,
4157038,0,
4152716,0,
4157037,0,
4147893,0,
4152789,0,
4149008,0,
4155750,0,
4150026,0,
4152788,0,
4155569,0,
4156785,0,
4151949,0,
4151950,0,
4152717,0,
4150025,0,
4157041,0,
4156786,0,
4157040,0,
4155751,0,
4157042,0,
4149225,0,
4152790,0,
4147856,0,
4151905,0,
4152461,0,
4147679,0,
4147855,0,
4150024,0,
4155616,0,
4157039,0,
4150027,0,
4152718,0,
4160019,0,
4159467,0,
4159776,0,
4159704,0,
4163973,0,
4164659,0,
4160896,0,
4164658,0,
4166236,0,
4157770,0,
4163167,0,
4164417,0,
4161314,0,
4164416,0,
4165595,0,
4157769,0,
4163333,0,
4159037,0,
4163591,0,
4163972,0,
4160090,0,
4166235,0,
4160897,0,
4161313,0,
4165596,0,
4157578,0,
4157579,0,
4163332,0,
4165594,0,
4160089,0,
4162733,0,
4159705,0,
4164418,0,
4159038,0,
4159777,0,
4163590,0,
4160020,0,
4166237,0,
4169971,0,
4167997,0,
4176002,0,
4171577,0,
4167709,0,
4170953,0,
4175901,0,
4176001,0,
4171788,0,
4173204,0,
4169972,0,
4170954,0,
4171791,0,
4175900,0,
4173396,0,
4173045,0,
3123401,1,FAN-IN
4171790,0,
4171326,0,
4169973,0,
4173397,0,
4171578,0,
4171325,0,
4176000,0,
4167708,0,
4171579,0,
4171789,0,
4173046,0,
4167996,0,
4177448,0,
4182699,0,
4181451,0,
4183863,0,
4180419,0,
4185451,0,
4183724,0,
4185453,0,
4182067,0,
4178065,0,
4181453,0,
4180277,0,
4182665,0,
4182894,0,
4179849,0,
4180418,0,
4182893,0,
4181454,0,
4182667,0,
4185599,0,
4177449,0,
4182037,0,
4183723,0,
4185452,0,
4185600,0,
4178064,0,
4176767,0,
4180278,0,
4182066,0,
4185576,0,
4182666,0,
4181466,0,
4176766,0,
4179931,0,
4176768,0,
4181452,0,
4182700,0,
4181465,0,
4187785,0,
4188260,0,
4194300,0,
4187784,0,
4194536,0,
4194537,0,
4195302,0,
4187783,0,
4194298,0,
4186206,0,
4186376,0,
4189696,0,
4191161,0,
4186401,0,
4188259,0,
4188839,0,
4191701,0,
4194532,0,
4194533,0,
4190243,0,
4190244,0,
4190245,0,
4190246,0,
4191643,0,
4195303,0,
4189697,0,
4186203,0,
4186578,0,
4188202,0,
4186577,0,
4189347,0,
4191405,0,
4186204,0,
4188840,0,
4190640,0,
4191700,0,
4190728,0,
2244742,1,GATHER-SCATTER
4194299,0,
4186205,0,
4189346,0,
4189698,0,
4190727,0,
4194534,0,
4194535,0,
4186379,0,
4186378,0,
4188201,0,
4186377,0,
4191642,0,
4191162,0,
4198633,0,
4200524,0,
4199582,0,
4203771,0,
4199595,0,
4203770,0,
4195979,0,
4198251,0,
4203160,0,
4198583,0,
4200950,0,
4199583,0,
4203159,0,
4196477,0,
4198654,0,
4199596,0,
4199581,0,
4201289,0,
4196476,0,
4201807,0,
4196548,0,
4198651,0,
4203862,0,
4201288,0,
4201806,0,
4203863,0,
4198632,0,
4198653,0,
4205372,0,
4198655,0,
4200525,0,
4200949,0,
4198652,0,
4213870,0,
4211398,0,
4212862,0,
4214843,0,
4212559,0,
4205847,0,
4215002,1,FAN-IN
3123402,1,FAN-IN
4208033,0,
4209433,0,
4209432,0,
4209016,0,
4210409,0,
4212582,0,
4210308,0,
4214658,0,
4214657,0,
4212757,0,
4214659,0,
4211921,0,
4212861,0,
4208032,0,
4209015,0,
4205848,0,
4210410,0,
4212560,0,
4212581,0,
4213869,0,
4211397,0,
4210408,0,
4210411,0,
4214842,0,
4231408,0,
4237923,0,
4241517,0,
4218260,0,
4219810,0,
4222171,0,
4226916,0,
4227218,0,
4229511,0,
4230241,0,
4224174,0,
4226915,0,
4218407,0,
4221636,0,
4224105,0,
4233712,0,
4238066,0,
4238965,0,
4222958,0,
4224175,0,
4225001,0,
4226589,0,
4233668,0,
4217425,0,
4215812,0,
4224531,0,
4231978,0,
4240298,0,
4217393,0,
4218788,0,
4229034,0,
4236391,0,
4221493,0,
4223001,0,
4217932,0,
4238421,0,
4238776,0,
4215813,0,
4222262,0,
4229938,0,
4241284,0,
4215573,0,
4217715,0,
4222954,0,
4237205,0,
4217583,0,
4233352,0,
4216526,0,
4219511,0,
4222552,0,
4227467,0,
4227753,0,
4233500,0,
4236865,0,
3395876,1,BIPARTITE
4218405,0,
4238065,0,
4229037,0,
4229937,0,
4224171,0,
4226466,0,
4230034,0,
4238064,0,
4220992,0,
4227466,0,
4232422,0,
4236390,0,
4227171,0,
4233897,0,
4216528,0,
4218408,0,
4221474,0,
4224206,0,
4229649,0,
4233353,0,
4233796,0,
4236007,0,
4241227,0,
3411041,1,STACK
4241245,0,
4243183,0,
4224178,0,
4226467,0,
4226588,0,
4227754,0,
4229794,0,
4237108,0,
4219809,0,
4224173,0,
4234069,0,
4234437,0,
4241228,0,
4242894,0,
4219397,0,
4221494,0,
4224172,0,
4237814,0,
4241229,0,
4216095,0,
4216527,0,
4218406,0,
4222551,0,
4239871,0,
4241096,0,
4244656,0,
4243899,0,
4249445,0,
4255113,0,
4252295,0,
4255759,0,
4249161,0,
4254487,0,
4243898,0,
4250076,0,
4246128,0,
4248850,0,
4254488,0,
4255114,0,
4244174,0,
4245737,0,
4254288,0,
4249857,0,
4244172,0,
4250297,0,
4255054,0,
4246513,0,
4250296,0,
4251121,0,
4252240,0,
4246127,0,
4248361,0,
4246512,0,
4249444,0,
4250929,0,
4247505,0,
4245738,0,
4246270,0,
4250299,0,
4243910,0,
4246232,0,
4244657,0,
4243751,0,
4248849,0,
4254287,0,
4244173,0,
4246269,0,
4252241,0,
4255018,0,
4250298,0,
4254286,0,
4247428,0,
4255017,0,
4255053,0,
4247504,0,
4248362,0,
4248622,0,
4255112,0,
4249160,0,
4252294,0,
4243909,0,
4248623,0,
4251619,0,
4258506,0,
4269335,0,
4265306,0,
4257072,0,
4265581,0,
4259110,0,
4269337,0,
4260442,0,
4262837,0,
4265582,0,
4264704,0,
4264706,0,
4265983,0,
4269086,0,
4258662,0,
4258663,0,
4266379,0,
4266210,0,
4266380,0,
4258137,0,
4262838,0,
4260441,0,
4264707,0,
4259109,0,
4263951,0,
4269087,0,
4269444,1,RANDOM
4269338,0,
4257580,0,
4259111,0,
4257581,0,
4265307,0,
4259472,0,
4264705,0,
4264708,0,
4262194,0,
4260961,0,
4268201,0,
4260962,0,
4272698,0,
4282695,0,
4280056,0,
4275045,0,
4271724,0,
4272929,0,
4275135,0,
4275329,0,
4272928,0,
4274603,0,
4270875,0,
4273275,0,
4272700,0,
4275046,0,
4272343,0,
4273276,0,
4274937,0,
4275941,0,
4277671,0,
4272782,0,
4275134,0,
4278798,0,
4275940,0,
4270916,0,
4270922,0,
4278797,0,
4272783,0,
4277232,0,
4270921,0,
4271477,0,
4275328,0,
4280057,0,
4274938,0,
4272344,0,
4272699,0,
4277670,0,
4277672,0,
4281245,0,
4278051,0,
4280472,0,
4290042,0,
4291413,0,
4296463,1,SCATTER-GATHER
4295467,0,
4284136,0,
4290418,0,
4296690,0,
4288804,0,
4291931,0,
4293722,0,
4290417,0,
4292503,0,
4284132,0,
4292504,0,
4285746,0,
4287975,0,
4289290,0,
4290325,0,
4288046,0,
4290450,0,
4291412,0,
4291423,0,
4291932,0,
4290326,0,
4295215,0,
4288045,0,
4292506,0,
4285747,0,
4289216,0,
4291425,0,
4294361,0,
4289218,0,
4290419,0,
4290449,0,
4292505,0,
4284135,0,
4286289,0,
4290416,0,
4295468,0,
4286425,0,
4289219,0,
4294360,0,
4295214,0,
4283724,0,
4284131,0,
4289291,0,
4290451,0,
4284133,0,
4285358,0,
4295653,0,
4284134,0,
4285359,0,
4284320,0,
4288558,0,
4288559,0,
4295466,0,
4286424,0,
4289217,0,
4290043,0,
4291424,0,
4308675,0,
4297183,0,
4300021,0,
4300807,0,
4307174,0,
4307862,0,
4304198,0,
4304199,0,
4297507,0,
4301229,0,
4301396,0,
4301397,0,
4306595,0,
4308195,0,
4300151,0,
4307175,0,
4308701,0,
4304421,0,
4309246,0,
4301228,0,
4308676,0,
4303781,0,
4300022,0,
4306318,0,
4300712,0,
4308679,0,
4308196,0,
4297251,0,
4301398,0,
4301399,0,
4308529,0,
4303336,0,
4305811,0,
4307754,0,
4307755,0,
4308702,0,
4297252,0,
4304420,0,
4307861,0,
4309505,0,
4300713,0,
4302271,0,
4303334,0,
4308680,0,
4303079,0,
4303335,0,
4303078,0,
4300020,0,
4300806,0,
4310992,0,
4317284,0,
4315669,0,
4317283,0,
4320868,0,
4320869,0,
4315093,0,
4315947,0,
4315948,0,
4313721,0,
4318826,0,
4319219,0,
4319663,0,
4321563,0,
4322926,0,
4315471,0,
4322925,0,
4321564,0,
4310868,0,
4316495,0,
4317285,0,
4313720,0,
4310993,0,
4315472,0,
4310911,0,
4319664,0,
4317286,0,
4315092,0,
4315668,0,
4310869,0,
4316295,0,
4316296,0,
4316494,0,
4322924,0,
4323862,0,
4324444,0,
4324817,0,
4323485,0,
4324101,0,
4330502,0,
4331099,0,
4332875,0,
4323991,0,
4329196,0,
4332950,0,
4334408,0,
4331100,0,
4333166,0,
4328359,0,
4330535,0,
4324102,0,
4331673,0,
4332874,0,
4330537,0,
4327581,0,
4330534,0,
4332949,0,
4333049,0,
4334155,0,
4328358,0,
4329197,0,
4333177,0,
4331045,0,
4332873,0,
4330536,0,
4323881,0,
4333176,0,
4323882,0,
4333048,0,
4335184,0,
4324443,0,
4332071,0,
4328360,0,
4333468,0,
4327580,0,
4323863,0,
4324816,0,
4335186,0,
4331674,0,
4333469,0,
4335185,0,
4323484,0,
4323956,0,
4339255,0,
4344251,0,
4338444,0,
4344506,0,
4343906,0,
4339614,0,
4341726,0,
4341728,0,
4343408,0,
4343329,0,
4347746,0,
4338660,0,
4338952,0,
4343331,0,
4345369,0,
4339256,0,
4338659,0,
4337496,0,
4337686,0,
4344507,0,
4345273,0,
4344077,0,
4339615,0,
4342730,0,
4343905,0,
4337495,0,
4338649,0,
4338650,0,
4341255,0,
4345370,0,
4345222,0,
4343409,0,
4341729,0,
4337687,0,
4345607,0,
4345606,0,
4341256,0,
4344076,0,
4343407,0,
4344252,0,
4347745,0,
4338951,0,
4343330,0,
4337497,0,
4338362,0,
4340572,0,
4341727,0,
4343328,0,
4350377,0,
4358486,0,
4358487,0,
4362328,0,
4362797,0,
4353194,0,
4362497,0,
4350302,0,
4349793,0,
4350375,0,
4351955,0,
4354953,0,
4362241,0,
4358261,0,
4360599,0,
4362932,0,
4351991,0,
4354593,0,
4362108,0,
4349792,0,
4351954,0,
4352207,0,
4355262,0,
4355714,0,
4357888,0,
4359156,0,
4362213,0,
4355259,0,
4350490,0,
4350489,0,
4351710,0,
4357889,0,
4361279,0,
4354592,0,
4355263,0,
4362710,0,
4355452,0,
4362822,0,
4358263,0,
4362240,0,
4350301,0,
4350491,0,
4352206,0,
4362136,0,
4359256,0,
4362610,0,
4351992,0,
4352052,0,
4359157,0,
4350376,0,
4354519,0,
4359255,0,
4362109,0,
3732501,1,GATHER-SCATTER
4354520,0,
4352053,0,
4353193,0,
4362931,0,
4354952,0,
4355453,0,
4358262,0,
4361044,0,
4376538,0,
4363598,0,
4363817,0,
4363816,0,
4365790,0,
4365109,0,
4365110,0,
4366012,0,
4366895,0,
4373021,0,
4365579,0,
4366666,0,
4368038,0,
4366700,0,
4368051,0,
4365789,0,
3625768,1,CYCLE
4373992,0,
4367189,0,
4368037,0,
4364597,0,
4365108,0,
4368036,0,
4372551,0,
4372897,0,
4364598,0,
4365865,0,
4367188,0,
4367485,0,
4368050,0,
4372533,0,
4367327,0,
4369884,0,
4374443,0,
4366643,0,
4372896,0,
4363818,0,
4366896,0,
4367484,0,
4372550,0,
4372391,0,
4365461,0,
4365864,0,
4368325,0,
4376257,0,
4367328,0,
4374442,0,
4365563,0,
4372898,0,
4379298,0,
4385210,0,
4379834,0,
4377358,0,
4382664,0,
4383770,0,
4377330,0,
4377360,0,
4379368,0,
4383772,0,
4385732,0,
4388845,0,
4388846,0,
4377229,0,
4378969,0,
4379912,0,
4388814,0,
4377359,0,
4378795,0,
4379359,0,
4386888,0,
4389944,0,
4379833,0,
4389077,0,
4389487,1,SCATTER-GATHER
4377357,0,
4378794,0,
4382090,0,
4377331,0,
4383067,0,
4383199,0,
4385969,0,
4386887,0,
4387351,0,
4389010,0,
4385211,0,
4376917,0,
4387350,0,
4389009,0,
4389945,0,
4376916,0,
4382125,0,
4383068,0,
4379358,0,
4381711,0,
4382091,0,
4383197,0,
4382663,0,
4383198,0,
4387197,0,
4379832,0,
4383196,0,
4379913,0,
4380381,0,
4384398,0,
4380382,0,
4384397,0,
4385968,0,
4381710,0,
4376918,0,
4388815,0,
4385731,0,
4379297,0,
4379369,0,
4390953,0,
4399147,0,
4402569,0,
4401436,0,
2387737,0,
2387738,1,GATHER-SCATTER
4396413,0,
4399991,0,
4402570,0,
4401620,0,
4393916,0,
4393925,0,
4402571,0,
4390954,0,
4403091,0,
4395970,0,
4402911,0,
4392750,0,
4393917,0,
4395663,0,
4402910,0,
4395971,0,
4401435,0,
4396561,0,
4401019,0,
4402849,0,
4391648,0,
4402847,0,
4390550,0,
4395662,0,
4396414,0,
4392850,0,
4401018,0,
4402846,0,
4402848,0,
4395664,0,
4400783,0,
4393262,0,
4392851,0,
4399149,0,
4399990,0,
4391649,0,
4392452,0,
4399989,0,
4395438,0,
4399148,0,
4391650,0,
4392453,0,
4403092,0,
4416047,0,
4404598,0,
4413081,0,
4413764,0,
4409460,0,
4413765,0,
4403885,0,
4415797,0,
4416048,0,
4409462,0,
4413083,0,
4403999,0,
4414681,0,
4414760,0,
4404000,0,
4412921,0,
4404473,0,
4415426,0,
4408745,0,
4410355,0,
4409387,0,
4409463,0,
4404087,0,
4413381,0,
4416049,0,
4404472,0,
4412920,0,
4404088,0,
4406090,0,
4408294,0,
4413218,0,
4403883,0,
4403884,0,
4413217,0,
4413540,0,
4405677,0,
4411568,0,
4408746,0,
4409461,0,
4405678,0,
4412588,0,
4404001,0,
4414472,0,
4408747,0,
4415427,0,
4413082,0,
4404151,0,
4404820,0,
4409634,0,
4404821,0,
4414474,0,
4406986,0,
4414473,0,
4418784,0,
4419752,0,
4422579,0,
4425992,0,
4419565,0,
4425991,0,
4428274,0,
4429109,0,
4429307,0,
4429932,0,
4417712,0,
4417713,0,
4427801,0,
4417062,0,
4429930,0,
4418783,0,
4427800,0,
4429110,0,
4417607,0,
4428275,0,
4417063,0,
4417714,0,
4417715,0,
4419400,0,
4418785,0,
4429872,0,
4419671,0,
4419851,0,
4428785,0,
4419751,0,
4429929,0,
4419399,0,
4419777,0,
4420185,0,
4429931,0,
4427814,0,
4420186,0,
4422578,0,
4419852,0,
4419968,0,
4420114,0,
4433447,0,
4439744,0,
4440198,0,
4433830,0,
4437561,0,
4441296,0,
4441297,0,
4441564,0,
4441819,0,
4441298,0,
4441565,0,
4433831,0,
4438556,0,
4441820,0,
4435259,0,
4431551,0,
4433448,0,
4431621,0,
4433446,0,
4437034,0,
4440955,0,
4442134,0,
4431552,0,
4433829,0,
4436551,0,
4433828,0,
4435260,0,
4430279,0,
4438557,0,
4435258,0,
4442257,0,
4437033,0,
4437035,0,
4442139,0,
4441796,0,
4442135,0,
4436552,0,
4442258,0,
4453677,0,
4454286,0,
4444255,0,
4447179,0,
4449858,0,
4450361,0,
4455615,0,
4450416,0,
4451896,0,
4453466,0,
4455917,0,
4445607,0,
4446565,0,
4445621,0,
4450135,0,
4445865,0,
4447453,0,
4449123,0,
4449124,0,
4450415,0,
4450556,0,
4444468,0,
4446536,0,
4448433,0,
4453676,0,
4444254,0,
4444946,0,
4445608,0,
4452624,0,
4449121,0,
4449122,0,
4450136,0,
4447455,0,
4446537,0,
4450555,0,
4454398,0,
4445620,0,
4453467,0,
4451805,0,
4451897,0,
4444447,0,
4444448,0,
4447454,0,
4448996,0,
4450557,0,
4452625,0,
4454397,0,
4455614,0,
4448432,0,
4448997,0,
4454287,0,
4444945,0,
4445609,0,
4456274,1,GATHER-SCATTER
4443676,0,
4445864,0,
4447178,0,
4443682,0,
4462008,0,
4469340,0,
4461476,0,
4458985,0,
4462007,0,
4465347,0,
4456915,0,
4457388,0,
4460061,0,
4462009,0,
4465043,0,
4465574,0,
4467782,0,
4470145,0,
4457389,0,
4461053,0,
4461477,0,
4463867,0,
4465787,0,
4469153,0,
4457387,0,
4466791,0,
4468681,0,
4468682,0,
4456918,0,
4458466,0,
4460062,0,
4462906,0,
4469154,0,
4461120,0,
4462905,0,
4465346,0,
4458467,0,
4467781,0,
4468679,0,
4468680,0,
4456916,0,
4468308,0,
4462907,0,
4470146,0,
4459964,0,
4468310,0,
4457390,0,
4458492,0,
4465218,0,
4465575,0,
4465573,0,
4459965,0,
4468309,0,
4458491,0,
4465217,0,
4461119,0,
4465042,0,
4467780,0,
4456917,0,
4462010,0,
4463868,0,
4470440,0,
4477118,0,
4481894,0,
4470692,0,
4474558,0,
4481917,0,
4477117,0,
4473447,0,
4481896,0,
4482993,0,
4482994,0,
4472919,0,
4478882,0,
2757792,1,GATHER-SCATTER
4471026,0,
4472491,0,
4480835,0,
4474390,0,
4480186,0,
4482692,0,
4477853,0,
4474837,0,
4472920,0,
4476543,0,
4476544,0,
4478124,0,
4479613,0,
4470395,0,
4473052,0,
4482300,0,
4472492,0,
4482302,0,
4474836,0,
4476619,0,
4476620,0,
4472032,0,
4479390,0,
4479612,0,
4476585,0,
4482301,0,
4482991,0,
4482992,0,
4483367,0,
4474747,0,
4480472,0,
4474559,0,
4480836,0,
4474391,0,
4481918,0,
4483366,0,
4470441,0,
4477854,0,
4480473,0,
4481655,0,
4483365,0,
4481895,0,
4485012,0,
4486405,0,
4488204,0,
4489294,0,
4486404,0,
4495327,0,
4485011,0,
4490384,0,
4495187,0,
4490922,0,
2277135,1,STACK
4486444,0,
4490855,0,
4493153,0,
4488203,0,
4490385,0,
4494571,0,
4494987,0,
4489295,0,
4490411,0,
4494394,0,
4484456,0,
4490594,0,
4495794,0,
4484618,0,
4490190,0,
4495506,0,
4495703,0,
3780591,1,CYCLE
4484132,0,
4488468,0,
4488469,0,
4490923,0,
4495507,0,
4486443,0,
4490856,0,
4491138,0,
4491755,0,
4494392,0,
4495328,0,
4494393,0,
4484455,0,
4491137,0,
4495186,0,
4488805,0,
4491419,0,
4488806,0,
4484133,0,
4503016,0,
4502662,0,
4502663,0,
4500243,0,
4500551,0,
4498514,0,
4507498,0,
4508804,0,
4509142,0,
4508835,0,
4503345,0,
4504905,0,
4500244,0,
4502377,0,
4508834,0,
4499025,0,
4500407,0,
4503347,0,
4506386,0,
4499028,0,
4499029,0,
4500552,0,
4501755,0,
4508803,0,
4504189,0,
4499026,0,
4506921,0,
4502257,0,
4505433,0,
4507497,0,
4500878,0,
4502661,0,
4504190,0,
4508123,0,
4508592,0,
4509823,0,
4499030,0,
4509824,0,
4499027,0,
4499540,0,
4500598,0,
4503015,0,
4509171,0,
4498051,0,
4498516,0,
4500879,0,
4509141,0,
4502258,0,
4503017,0,
4503346,0,
4499541,0,
4499648,0,
4502660,0,
4508593,0,
4509694,0,
4499647,0,
4504904,0,
4498515,0,
4503497,0,
4506922,0,
4508594,0,
4503348,0,
4511702,0,
4517817,0,
4519429,0,
4520212,0,
4521791,0,
4513192,0,
4517122,0,
4523698,0,
4512794,0,
4511001,0,
4512793,0,
4517262,0,
4517632,0,
4523109,0,
4511335,0,
4511121,0,
4517069,0,
4511701,0,
4519007,0,
4519352,0,
4517816,0,
4518641,0,
4519872,0,
4511120,0,
4517818,0,
4520211,0,
4511703,0,
4515456,0,
4515455,0,
4520632,0,
4523110,0,
4515976,0,
4519873,0,
4523699,0,
4517121,0,
4519733,0,
4519146,0,
4511759,0,
4517631,0,
4518391,0,
4520631,0,
4511665,0,
3838865,1,BIPARTITE
4523697,0,
4511666,0,
4514877,0,
4518390,0,
4519005,0,
4511667,0,
4519006,0,
4519145,0,
4521792,0,
4511000,0,
4517263,0,
4531606,0,
4525895,0,
4530168,0,
4526064,0,
4524415,0,
4526044,0,
4528925,0,
4535351,0,
4524416,0,
4531096,0,
4214946,1,BIPARTITE
4526063,0,
4527978,0,
4536481,0,
4524417,0,
4531080,0,
4525897,0,
4535455,0,
4535456,0,
4528926,0,
4531081,0,
4531097,0,
4536480,0,
4536853,0,
4533716,0,
4525896,0,
4527043,0,
4531082,0,
4531431,0,
4535457,0,
4535458,0,
4526065,0,
4531754,0,
4536459,0,
4527979,0,
4531607,0,
4525472,0,
2830850,1,SCATTER-GATHER
4527574,0,
4533715,0,
4524414,0,
4525471,0,
4531079,0,
4536854,0,
4525866,0,
4527044,0,
4535453,0,
4535454,0,
4535491,0,
4535492,0,
4545704,0,
4542664,0,
4549285,0,
4549286,0,
4542562,0,
4541608,0,
4546534,0,
4546535,0,
4546536,0,
4546606,0,
4538321,0,
4540091,0,
4542475,0,
4542928,0,
4542929,0,
4544743,0,
4547410,0,
4539839,0,
4540090,0,
4542663,0,
4547412,0,
4549827,0,
4541607,0,
4546635,0,
4548006,0,
4545703,0,
4543470,0,
4548732,0,
4539485,0,
4548733,0,
4543471,0,
4215003,1,FAN-IN
4544640,0,
4546236,0,
4546637,0,
2387739,0,
2387740,1,GATHER-SCATTER
4540089,0,
4545067,0,
4546636,0,
4539840,0,
4544641,0,
4545068,0,
4538361,0,
4542561,0,
4549284,0,
4548007,0,
4548585,0,
4547411,0,
4544639,0,
4546235,0,
4553765,1,
4562314,0,
4553255,0,
4560078,0,
4554485,0,
4551532,0,
4559265,0,
4561867,0,
4556083,0,
4562743,0,
4560475,0,
4562863,0,
4551626,0,
4551627,0,
4552344,0,
4554487,0,
4563280,0,
4556625,0,
4563837,0,
4562864,0,
4557068,0,
4562786,0,
4555186,0,
4556624,0,
4563279,0,
4553257,0,
4555185,0,
4560476,0,
4562862,0,
4563836,0,
4555289,0,
4557845,0,
4560194,0,
4551531,0,
4551832,0,
4555291,0,
4552561,0,
4555290,0,
4553968,0,
4558239,0,
4561364,0,
4553969,0,
4561363,0,
4563065,0,
4551994,0,
4552562,0,
4556266,0,
4560195,0,
4562315,0,
4562316,0,
4572842,0,
4575027,0,
4565989,0,
4566726,0,
4575449,0,
4575450,0,
4574778,0,
4566434,0,
4566135,0,
4565990,0,
4573728,0,
4564471,0,
4566374,0,
4570716,0,
4574028,0,
4574655,0,
4574779,0,
4574029,0,
4566134,0,
4575811,0,
4574656,0,
4576848,0,
4573727,0,
4576847,0,
4571769,0,
4570717,0,
4572843,0,
4565984,0,
4573229,0,
4570739,0,
4572844,0,
4567601,0,
4570740,0,
4568533,0,
4576148,0,
4570718,0,
4582719,0,
4587130,0,
4587983,0,
4588742,0,
4582330,0,
4583411,0,
4579764,0,
4580657,0,
4583751,0,
4586831,0,
4587998,0,
4296465,1,SCATTER-GATHER
4581475,0,
4583406,0,
4583468,0,
4587999,0,
4588305,0,
4579763,0,
4580431,0,
4589742,0,
4578206,0,
4583752,0,
4589682,0,
4581474,0,
4587464,0,
4588743,0,
4584572,0,
4584571,0,
4584918,0,
4579492,0,
4580661,0,
4581446,0,
4588741,0,
4580140,0,
4580659,0,
4580660,0,
4581476,0,
4578205,0,
4579724,0,
4580429,0,
4580430,0,
4581984,0,
4583322,0,
4589683,0,
4589744,0,
4580428,0,
4579489,0,
4582331,0,
4583410,0,
4589745,0,
4583320,0,
4583510,0,
4583850,0,
4584375,0,
4589743,0,
4578204,0,
4583321,0,
4582720,0,
4586830,0,
4579491,0,
4583851,0,
4578846,0,
4584028,0,
4588304,0,
4578847,0,
4579490,0,
4580141,0,
4583405,0,
4585108,0,
4587982,0,
4580658,0,
4584027,0,
4581477,0,
4603088,0,
4594748,0,
4601807,0,
4603019,0,
4591544,0,
4594535,0,
4596526,0,
4601808,0,
4596550,0,
4596551,0,
4592396,0,
4603087,0,
4592318,0,
4592319,0,
4593394,0,
4594534,0,
4592019,0,
4594249,0,
4594712,0,
4596542,0,
4596543,0,
4592993,0,
4593115,0,
4595057,0,
4595136,0,
4603086,0,
4593117,0,
4593395,0,
4595134,0,
4596544,0,
4596545,0,
4596546,0,
4596547,0,
4593116,0,
4595887,0,
4603089,0,
3712860,1,BIPARTITE
4595888,0,
4600146,0,
4603018,0,
4592395,0,
4593813,0,
4596548,0,
4596549,0,
4595137,0,
4600145,0,
4483582,1,BIPARTITE
4595135,0,
4602755,0,
4591545,0,
4592018,0,
4597484,0,
4603000,0,
4613943,0,
4616694,0,
4610306,0,
4614375,0,
4606163,0,
4611464,0,
4613027,0,
4608840,0,
4609030,0,
4612758,0,
4615149,0,
4615432,0,
4606164,0,
4607655,0,
4611403,0,
4615974,0,
4605080,0,
4611466,0,
4614374,0,
4615397,0,
4606336,0,
4608251,0,
4609031,0,
4613986,0,
4616090,0,
4616106,0,
4613942,0,
4610303,0,
4615440,0,
4605077,0,
4607654,0,
4614350,0,
4610305,0,
4611106,0,
4611402,0,
4611465,0,
4616280,1,FAN-IN
4605078,0,
4606130,0,
4606337,0,
4608252,0,
4613028,0,
4604622,0,
4605076,0,
4611805,0,
4616105,0,
4605079,0,
4610302,0,
4610304,0,
4606334,0,
4611806,0,
3625769,0,
3625770,1,CYCLE
4608250,0,
4612980,0,
4614548,0,
4609714,0,
4616091,0,
4604621,0,
4612283,0,
4614112,0,
4606335,0,
4609715,0,
4612284,0,
4614113,0,
4615398,0,
4613985,0,
4614549,0,
4612757,0,
4613381,0,
4614351,0,
4615973,0,
4627681,0,
4628580,0,
4620280,0,
4621563,0,
4625355,0,
4626635,0,
4620279,0,
4626961,0,
4621720,0,
4623195,0,
4625353,0,
4627682,0,
4618433,0,
4623197,0,
4625626,0,
4626636,0,
4621968,0,
4622522,0,
4626055,0,
4620432,0,
4623154,0,
4625352,0,
4618899,0,
4625354,0,
4627309,0,
4620278,0,
4625625,0,
4626962,0,
4628581,0,
4617672,0,
4617993,0,
4621947,0,
4626633,0,
4626637,0,
4627308,0,
4617555,0,
4625351,0,
4626634,0,
4623196,0,
4621719,0,
4617554,0,
4618434,0,
4620433,0,
4621969,0,
4621948,0,
4622523,0,
4626960,0,
4618900,0,
4624194,0,
4624195,0,
4629899,0,
4634518,0,
4640180,0,
4642946,0,
4456275,1,GATHER-SCATTER
4635139,0,
4638885,0,
4641076,0,
4639032,0,
4636565,0,
4637968,0,
4633724,0,
4639033,0,
4641077,0,
4638308,0,
4641075,0,
4634086,0,
4639006,0,
2387741,0,
2387742,1,GATHER-SCATTER
4636782,0,
4639031,0,
4634231,0,
4636490,0,
4636491,0,
4641249,0,
4634230,0,
4642480,0,
4635781,1,FAN-IN
4634087,0,
4638174,0,
4640179,0,
4642945,0,
4635138,0,
4632611,0,
4634519,0,
4636564,0,
4638001,0,
4630540,0,
4634959,0,
4638175,0,
4633723,0,
4638886,0,
4636081,0,
4638309,0,
4639005,0,
4632662,0,
4642481,0,
4634232,0,
4642947,0,
4643986,0,
4646129,0,
4656365,1,FAN-OUT
4645873,0,
4647053,0,
4654421,0,
4646777,0,
4647650,0,
4652674,0,
4643462,0,
4644095,0,
4646653,0,
4648944,0,
4648945,0,
4649615,0,
4654427,0,
4656377,0,
4646778,0,
4654425,0,
4645872,0,
4646652,0,
4647054,0,
4643464,0,
4643987,0,
4648542,0,
4643463,0,
4646736,0,
4652390,0,
4646737,0,
4650217,0,
4653204,0,
4650835,0,
4648734,0,
4649614,0,
4652923,0,
3352013,0,
3352014,1,CYCLE
4643985,0,
4644200,0,
4650170,0,
4654426,0,
2947906,1,STACK
4653205,0,
4650216,0,
4648733,0,
4650171,0,
4654420,0,
4646128,0,
4644201,0,
4650215,0,
4650895,0,
4652389,0,
4656378,1,FAN-OUT
4660084,0,
4658302,0,
4658303,0,
4663798,0,
4666330,0,
4666377,0,
4662342,0,
4664549,0,
4667997,0,
4666329,0,
4668502,0,
4669649,0,
4661910,0,
4661738,0,
4664548,0,
4666500,0,
4668503,0,
4662343,0,
4661977,0,
4658115,0,
4669013,0,
4663048,0,
4663531,0,
4660083,0,
4661739,0,
4661909,0,
4663799,0,
4663530,0,
4668176,0,
4660082,0,
4669012,0,
4666499,0,
4669195,0,
4669650,0,
4666331,0,
4657110,0,
4658551,0,
4661976,0,
4658114,0,
4669196,0,
4669194,0,
4658550,0,
4671773,0,
4677541,0,
4679756,0,
4674238,0,
4677295,0,
4679755,0,
4672173,0,
4677388,0,
4680427,0,
4671620,0,
4671774,0,
4672873,0,
4674809,0,
4681658,0,
4682644,0,
4672874,0,
4677294,0,
4671771,0,
4674902,0,
4674899,0,
4674613,0,
3123404,1,FAN-IN
4674900,0,
4675211,0,
4670741,0,
4677540,0,
4681659,0,
4682954,0,
4673103,0,
4673867,0,
4674901,0,
4674236,0,
4675210,0,
4680428,0,
4673804,0,
4673933,0,
4677461,0,
4673743,0,
4677548,0,
4677549,0,
4681660,0,
4677389,0,
4672872,0,
4682955,0,
4676427,0,
4680429,0,
4673102,0,
4673932,0,
4674808,0,
4671772,0,
4673744,0,
4673866,0,
4677546,0,
4677547,0,
4691191,0,
4691397,0,
4695592,0,
4696150,0,
4687563,0,
4696828,0,
4694463,0,
4696605,0,
4683579,0,
4685254,0,
4691192,0,
4693721,0,
4696214,0,
4691193,0,
4691195,0,
4696399,0,
4687821,0,
4693679,0,
4691396,0,
4694466,0,
4696413,1,RANDOM
4689148,0,
4692296,0,
4693265,0,
4691196,0,
4693678,0,
4694530,0,
4695593,0,
4689021,0,
4685084,0,
4689759,0,
4693264,0,
4694465,0,
4695514,0,
4688550,0,
4688551,0,
4688615,0,
4694464,0,
4696398,0,
4690530,0,
4696853,0,
4684917,0,
4685252,0,
4688553,0,
4696606,0,
4696308,0,
4696854,0,
4688300,0,
4688616,0,
4689760,0,
4691194,0,
4684335,0,
4684336,0,
4691718,0,
4696151,0,
4685253,0,
4687565,0,
4690758,0,
4695516,0,
4689631,0,
4696401,0,
4688301,0,
4690522,0,
4691029,0,
4692297,0,
4695515,0,
4687564,0,
4684337,0,
4684338,0,
4686222,0,
4688552,0,
4690529,0,
4684339,0,
4684340,0,
4684096,0,
4688554,0,
4688654,0,
4704102,0,
4704649,0,
4700827,0,
4703552,0,
4705432,0,
4707055,0,
4707102,0,
4705839,0,
4708589,0,
4709938,0,
4702363,0,
4703180,0,
4704532,0,
4704647,0,
4705412,0,
4705838,0,
4698985,0,
4704648,0,
4705418,0,
4709939,0,
4700608,0,
4705434,0,
4704103,0,
4707054,0,
4710172,0,
4700506,0,
4701250,0,
4705419,0,
4708588,0,
4700505,0,
4702061,0,
4706845,0,
4698520,0,
4700484,0,
4705840,0,
4706768,0,
4700826,0,
4709937,0,
4696973,0,
4701251,0,
4702062,0,
4705431,0,
4702711,0,
4703181,0,
4706846,0,
4698984,0,
4702362,0,
4705417,0,
4696974,0,
4698521,0,
4697327,0,
4700483,0,
4701573,0,
4701642,0,
4706769,0,
4702364,0,
4705433,0,
4717399,0,
4718389,0,
4720379,0,
4721723,0,
4711226,0,
4711228,0,
4719948,0,
4714116,0,
4719787,0,
4720621,0,
4720380,0,
4721720,0,
4710887,0,
4711227,0,
4711611,0,
4715342,0,
4716750,0,
4719788,0,
4714918,0,
3123406,1,FAN-IN
4719786,0,
4711986,0,
4714676,0,
4714904,0,
4717750,0,
4719947,0,
4713753,0,
4714919,0,
4717751,0,
4713754,0,
4720522,0,
4720523,0,
4711610,0,
4717807,0,
4714115,0,
4716749,0,
4710888,0,
4714906,0,
4720620,0,
4720622,0,
4721721,0,
4723858,0,
4721724,0,
4711987,0,
4714677,0,
4714905,0,
4721722,0,
4726564,0,
4726887,0,
4734679,0,
4726136,0,
4726138,0,
4726889,0,
4732109,0,
4729372,0,
4731260,0,
4726141,0,
4726374,0,
4727594,0,
4732595,0,
4734582,0,
4727943,0,
4731682,0,
4732594,0,
4725140,0,
4727639,0,
4726135,0,
4736725,0,
4726378,0,
4727407,0,
4734677,0,
4726139,0,
4726140,0,
4737281,1,FAN-OUT
4725138,0,
4727595,0,
4733847,0,
4734926,0,
4734927,0,
4734929,0,
4727593,0,
4733399,0,
4734928,0,
4729933,0,
4734416,0,
4726243,0,
4729371,0,
4729975,0,
4733848,0,
4734272,0,
4726375,0,
4733810,0,
4733208,0,
4724189,0,
4727638,0,
4726137,0,
4726376,0,
4725137,0,
4726377,0,
4726639,0,
4736038,0,
4734678,0,
4725139,0,
4727592,0,
4736726,0,
4727323,0,
4724410,0,
4727596,0,
4729974,0,
4726563,0,
4726640,0,
4727324,0,
4735223,0,
4736724,0,
4726888,0,
4729934,0,
4734271,0,
4749168,0,
4742259,0,
4748505,0,
4741407,0,
4742260,0,
4749169,0,
4744231,0,
4745529,0,
4749259,0,
3352012,1,CYCLE
4744188,0,
4743549,0,
4744190,0,
4739830,0,
4740786,0,
3756240,1,STACK
4740785,0,
4740959,0,
4741121,0,
4747057,0,
4742587,0,
4749166,0,
4749167,0,
4749325,0,
4746147,0,
4738068,0,
4740787,0,
4742588,0,
4746148,0,
4738069,0,
4749324,0,
4744472,0,
4747056,0,
4748619,0,
3625771,0,
3625772,1,CYCLE
4741130,0,
4737935,0,
4740232,0,
4740958,0,
4742858,0,
4738525,0,
4739831,0,
4744473,0,
4745528,0,
4749258,0,
4738320,0,
4749323,0,
4742859,0,
4742860,0,
4737936,0,
4744189,0,
4748504,0,
4759538,0,
4762853,0,
4762994,0,
4755151,0,
4759970,0,
4763831,0,
4763832,1,RANDOM
4754594,0,
4756208,0,
4758684,0,
4757519,0,
4762855,0,
4752339,0,
4754595,0,
4754768,0,
4761006,0,
4758103,0,
4762993,0,
4753396,0,
4759537,0,
4762733,0,
4763892,0,
4752926,0,
4757518,0,
4754568,0,
4761007,0,
4752925,0,
4762852,0,
4754769,0,
4761427,0,
4755821,0,
4756294,0,
4761005,0,
4761428,0,
4754569,0,
4759539,0,
4762854,0,
4752082,0,
4752337,0,
4752338,0,
4758741,0,
4762734,0,
4762934,0,
4756448,0,
4756450,0,
4756449,0,
4755987,0,
4756734,0,
4762732,0,
4763122,0,
4758104,0,
4756207,0,
4752083,0,
4754770,0,
4756292,0,
4758102,0,
4756603,1,GATHER-SCATTER
4758740,0,
4761008,0,
4751462,0,
4751463,0,
4753168,0,
4756293,0,
4756295,0,
4762995,0,
4764981,0,
4764516,0,
4770391,0,
4773566,0,
4766342,0,
4777076,0,
4775975,0,
4777039,0,
4769926,0,
4775976,0,
4769937,0,
4771252,0,
4764982,0,
4766314,0,
4766315,0,
4777077,0,
4767235,0,
4769936,0,
4777040,0,
4773167,0,
4765782,0,
4767681,0,
4766241,0,
4771039,0,
4764515,0,
4767264,0,
4770392,0,
4774001,0,
4769953,0,
4777015,0,
4767236,0,
4769927,0,
4771253,0,
4776746,0,
4769408,0,
4767265,0,
4766313,0,
4777042,0,
4766243,0,
4766341,0,
4769952,0,
4777041,0,
4776747,0,
4777849,0,
4782252,0,
4783120,0,
4785067,0,
4786456,0,
4777705,0,
4778273,0,
4788878,0,
4786927,0,
4789173,0,
4777848,0,
4785068,0,
4789174,0,
4790068,0,
4790069,1,GATHER-SCATTER
4777990,0,
4788400,0,
4778070,0,
4786660,0,
4784104,0,
4784105,0,
4786454,0,
4788282,0,
4777847,0,
4782253,0,
4780232,0,
4783121,0,
4780229,0,
4788401,0,
4788521,0,
4789078,0,
4788520,0,
4784103,0,
4778274,0,
4786929,0,
4778069,0,
4782251,0,
4786661,0,
4789077,0,
4780231,0,
4789076,0,
4777491,0,
4777702,0,
4777704,0,
4783607,0,
4786455,0,
4788281,0,
4786457,0,
4788519,0,
4789283,0,
4789075,0,
4777494,0,
4780230,0,
4780973,0,
4784485,0,
4786958,0,
4784102,0,
4786928,0,
4777492,0,
4777493,0,
4777989,0,
4778630,0,
4788283,0,
4789074,0,
4777703,0,
4793051,0,
4794856,0,
4795250,0,
4801022,0,
4801121,0,
4797798,0,
4798007,0,
4798654,0,
4794855,0,
4798038,0,
4798653,0,
4803353,0,
4803354,0,
4797244,0,
2387743,0,
2387744,1,GATHER-SCATTER
4798647,0,
4800082,0,
4791036,0,
4793927,0,
4795916,1,SCATTER-GATHER
4798211,0,
4798646,0,
4798338,0,
4791035,0,
4801762,0,
4795711,0,
4798037,0,
4798398,0,
4791351,0,
4795058,0,
4797797,0,
4801434,0,
4756604,1,GATHER-SCATTER
4795660,0,
4801021,0,
4795661,0,
4796083,0,
4797686,0,
4802122,0,
4797800,0,
4795710,0,
4795519,0,
4796085,0,
4799348,0,
4791350,0,
4799037,0,
4795520,0,
4799349,0,
4800081,0,
4793404,0,
4795516,0,
4801761,0,
4793403,0,
4793405,0,
4797799,0,
4798006,0,
4793926,0,
4795515,0,
4797243,0,
4798648,0,
4813131,0,
4813095,0,
4813096,0,
4810693,0,
4815071,0,
4816003,0,
4810692,0,
4813097,0,
4815072,0,
4810423,0,
4813132,0,
4813338,0,
4805769,0,
4811826,0,
4811827,0,
4814685,0,
4813716,0,
4816004,0,
4804519,0,
4808936,0,
4809132,0,
4814426,0,
4803812,0,
4804473,0,
4804521,0,
4806867,0,
4813507,0,
4803811,0,
4806790,0,
4806980,0,
4804213,0,
4804474,0,
4804520,0,
4805770,0,
4806387,0,
4806866,0,
4806388,0,
4807615,0,
4805768,0,
4809687,0,
4809152,0,
4811265,0,
4811264,0,
4813337,0,
4806789,0,
4807616,0,
4811044,0,
4804518,0,
4816870,0,
4826935,0,
4821066,0,
4823290,0,
4829619,0,
4825266,0,
4826329,0,
4826341,0,
4829455,0,
4817957,0,
4821982,0,
4826993,0,
4824624,0,
4829620,0,
4817502,0,
4824397,0,
4829456,0,
4817642,0,
4824625,0,
4820089,0,
4825023,0,
4817643,0,
4818117,0,
4826190,0,
4817582,0,
4823289,0,
4826188,0,
4826404,0,
4826707,0,
4829617,0,
4817825,0,
4824623,0,
4817503,0,
4820088,0,
4826327,0,
4826328,0,
4819409,0,
4824396,0,
4825743,0,
4817581,0,
4818116,0,
4826189,0,
4826340,0,
4829618,0,
4826405,0,
4826994,0,
4817956,0,
4817824,0,
4823291,0,
4825742,0,
4825024,0,
4826654,0,
4833422,0,
4833428,0,
4834699,0,
4839528,0,
4839613,0,
4840308,0,
4830960,0,
4839610,0,
4842407,0,
4830708,0,
4835714,0,
4831953,0,
4839611,0,
4833429,0,
4834698,0,
4831954,0,
4839529,0,
4839614,0,
4835715,0,
4831305,0,
4832508,0,
4838638,0,
4842408,0,
4833426,0,
4838906,0,
4840602,0,
4830707,0,
4833423,0,
4833424,0,
4833425,0,
4838894,0,
4838907,0,
4840121,0,
4840122,0,
4832507,0,
4833655,0,
4833430,0,
4835525,0,
4838637,0,
4832770,0,
4833652,0,
4835970,0,
4838895,0,
4842409,0,
4839612,0,
4830067,0,
4832427,0,
4835972,0,
4833653,0,
4837300,0,
4837938,0,
4847126,0,
4847127,0,
4843961,0,
4847214,0,
4855689,0,
4847402,0,
4847738,0,
4847898,0,
4850978,0,
4852870,0,
4855868,0,
4847897,0,
4848121,0,
4849202,0,
4853842,0,
4853867,0,
4846982,0,
4850573,0,
4853868,0,
4852869,0,
4846785,0,
4847125,0,
4849605,0,
4846576,0,
4846983,0,
4847194,0,
4848841,0,
4853843,0,
4854024,0,
4846904,0,
4848288,0,
4853211,0,
4847195,0,
4847363,0,
4855720,0,
4845395,0,
4847124,0,
4855719,0,
4855690,0,
4847401,0,
4847877,0,
4848289,0,
4849840,0,
4845397,0,
4849953,0,
4854231,0,
4849203,0,
4848842,0,
4845562,0,
4847737,0,
4851862,0,
4843960,0,
4844961,0,
4847213,0,
4854739,0,
4848287,0,
4850574,0,
4855721,0,
4855869,0,
4855870,0,
4845396,0,
4847739,0,
4848966,0,
4851275,0,
4854025,0,
4856442,0,
4860241,0,
4860998,0,
4862101,0,
4867673,0,
4861168,0,
4862651,0,
4859231,0,
4863105,0,
4863555,0,
4863766,0,
4863106,0,
4865282,0,
4869362,0,
4869360,0,
4869361,0,
4856986,0,
4859230,0,
4860237,0,
4860240,0,
4859580,0,
4860239,0,
4859190,0,
4860238,0,
4859327,0,
4863553,0,
4859232,0,
4866789,0,
4863104,0,
4866278,0,
4869188,0,
4856985,0,
4861169,0,
4863554,0,
4867674,0,
4863765,0,
4869359,0,
4863556,0,
4869189,0,
4876618,0,
4884346,0,
4886511,0,
4870467,0,
4883963,0,
4885233,0,
4887996,1,GATHER-SCATTER
4870122,0,
4887173,0,
4877461,0,
4881991,0,
4885123,0,
4881846,0,
4888520,0,
4872123,0,
4887723,0,
4874097,0,
4870648,0,
4871883,0,
4872939,0,
4872940,0,
4882590,0,
4881845,0,
4882749,0,
4883379,0,
4872678,0,
4883664,0,
4872719,0,
4883380,0,
4887513,0,
4879837,0,
4876068,0,
4871779,0,
4876034,0,
4876617,0,
4881867,0,
4885262,0,
3469219,1,FAN-OUT
4875500,0,
4876620,0,
4880610,0,
4885635,0,
4871232,0,
4874993,0,
4877874,0,
4883724,0,
4885124,0,
4876357,0,
4877833,0,
4881990,0,
4882529,0,
4871493,0,
4872148,0,
4884413,0,
4872205,0,
4882024,0,
4882086,0,
4882578,0,
4880370,0,
4880503,0,
4883962,0,
4888353,0,
4876619,0,
4880923,0,
4873245,0,
4888998,0,
4889558,0,
4888802,0,
3123408,1,FAN-IN
4892204,0,
4891684,0,
4891967,0,
4891683,0,
4891966,0,
4889557,0,
4888997,0,
4893872,0,
4894558,0,
4894559,0,
4894552,0,
4894553,0,
4894140,0,
4894550,0,
4894551,0,
4895043,0,
4896234,0,
4896233,0,
4894732,0,
4894554,0,
4894555,0,
4894733,0,
3625773,1,CYCLE
4894141,0,
4895044,0,
4894556,0,
4894557,0,
4898792,0,
4900008,0,
4898636,0,
4899966,0,
4897577,0,
4898793,0,
4897484,0,
4898952,0,
4897676,0,
4900007,0,
4899967,0,
4900481,0,
4897575,0,
4900820,0,
4897485,0,
4898953,0,
4900009,0,
4897576,0,
4900821,0,
4900482,0,
4902947,0,
4904697,0,
4902948,0,
4901077,0,
4901078,0,
4904041,0,
4901081,0,
4901082,0,
4904695,0,
4904696,0,
4904042,0,
3857994,1,BIPARTITE
4902277,0,
4904832,0,
4902949,0,
4901079,0,
4901080,0,
4902278,0,
4904831,0,
4905811,0,
4905061,0,
4905601,0,
4906297,0,
4905600,0,
4906296,0,
4908906,1,SCATTER-GATHER
4905810,0,
4910189,0,
4909709,0,
4913077,0,
4910188,0,
4911084,0,
4911425,0,
4911085,0,
4912943,0,
4913075,0,
4910068,0,
4911083,0,
4910069,0,
4912941,0,
4910772,0,
4910773,0,
4909708,0,
4912942,0,
4913076,0,
4915106,0,
4915521,0,
4915795,0,
4913635,0,
4913505,0,
4913506,0,
4913507,0,
4917057,1,SCATTER-GATHER
4915796,0,
4915107,0,
4919176,0,
4919451,0,
4920760,0,
4918377,0,
4919607,0,
4917367,0,
4919178,0,
4918402,0,
4919450,0,
4918403,0,
2976951,1,FAN-OUT
4921681,0,
4763833,0,
4763834,1,RANDOM
4925470,1,RANDOM
4922598,0,
4922596,0,
4924037,0,
4790070,0,
4790071,1,GATHER-SCATTER
4923050,0,
4922597,0,
4921680,0,
4924038,0,
4923051,0,
4928610,0,
4928611,0,
4927168,0,
4927169,0,
4928612,0,
4933009,0,
4931462,0,
4930022,0,
4930750,0,
4930748,0,
4931611,0,
4930749,0,
4931461,0,
4931610,0,
4933010,0,
4930746,0,
4930874,0,
4930875,0,
4933007,0,
4933084,0,
4930747,0,
4930021,0,
4933085,0,
4933008,0,
4935080,0,
4936136,0,
4936310,0,
4935047,0,
4937625,0,
4936083,0,
4936308,0,
4936482,0,
4935046,0,
4936311,0,
4937047,0,
4937046,0,
4937624,0,
4936084,0,
4936671,0,
4936309,0,
4937045,0,
4936137,0,
4935081,0,
4938765,0,
4940051,0,
4941641,0,
4938764,0,
4940052,0,
4943548,0,
4943182,0,
4943546,0,
4945531,0,
4945659,0,
4917041,1,BIPARTITE
4945532,0,
4943547,0,
4945530,0,
4945660,0,
4948132,0,
4948133,0,
4948859,0,
4946836,0,
4656379,1,FAN-OUT
4946838,0,
4948857,0,
3123410,1,FAN-IN
4946837,0,
4948858,0,
4949714,0,
4949715,0,
4948134,0,
4948135,0,
4949717,0,
4946243,0,
4946244,0,
4949716,0,
4952498,0,
4952499,0,
4951683,0,
4950961,0,
4953215,0,
4953661,0,
4952497,0,
4951682,0,
4950223,0,
4951955,0,
4010246,1,CYCLE
4950224,0,
4954048,0,
4951954,0,
4953873,0,
4954049,0,
4950962,0,
4953216,0,
4954050,0,
4950222,0,
4953662,0,
4951545,0,
4953365,0,
4950960,0,
4953874,0,
4957944,0,
4957943,0,
4925471,0,
4925472,1,RANDOM
4790072,0,
4790073,1,GATHER-SCATTER
4956467,0,
4954581,0,
4958071,0,
4954580,0,
4956466,0,
2387745,0,
2387746,1,GATHER-SCATTER
4957063,0,
4960357,0,
4958451,0,
4958659,0,
4960354,0,
4958450,0,
4958658,0,
4960053,0,
4960052,0,
4960358,0,
4960352,0,
4960353,0,
4958452,0,
4963076,0,
4962673,0,
4962900,0,
4964818,0,
4962413,0,
4965166,0,
4965238,0,
4962648,0,
4965193,0,
4965167,0,
4963075,0,
4962899,0,
4965239,0,
4790074,0,
4790075,1,GATHER-SCATTER
4962649,0,
4962672,0,
4763835,0,
4763836,0,
4763837,1,RANDOM
4968020,0,
4908907,1,SCATTER-GATHER
4967110,0,
4969627,0,
4969195,0,
4967514,0,
4968550,0,
4966508,0,
4968698,0,
4969289,0,
4969194,0,
4966402,0,
4969287,0,
4966507,0,
4966403,0,
4969285,0,
4969286,0,
4969628,0,
4969288,0,
4967111,0,
4967513,0,
4968551,0,
4968697,0,
4968552,0,
4968615,0,
4974152,0,
4974153,0,
4973948,0,
4971265,0,
4972005,0,
4971428,0,
4973949,0,
4971771,0,
4972006,0,
4971310,0,
4971266,0,
4970414,0,
4971427,0,
4971636,0,
4972134,0,
4971637,0,
4971638,0,
4974154,0,
4970415,0,
4972008,0,
4972007,0,
4974263,0,
4976837,0,
4975869,0,
4974738,0,
4975229,0,
4975497,0,
4976777,0,
4975228,0,
4978117,0,
4975870,0,
4975615,0,
4976519,0,
4975644,0,
4975616,0,
4975496,0,
4975645,0,
4976518,0,
4978966,0,
4917044,1,BIPARTITE
4979281,0,
4981664,0,
4979572,0,
4979971,0,
4981136,0,
4981137,0,
4981138,0,
4979369,0,
4979370,0,
4981524,0,
4979440,0,
4980856,0,
4978964,0,
4979441,0,
4979282,0,
4979571,0,
4979973,0,
4980857,0,
4978965,0,
4979972,0,
4981523,0,
4981663,0,
4983996,0,
4983995,0,
4982990,0,
4985495,0,
4985500,0,
4983761,0,
4983997,0,
4984513,0,
4985494,0,
4985762,0,
4985763,0,
4982991,0,
4985499,0,
4988727,0,
4989267,0,
4989424,0,
4988728,0,
4989425,0,
4993603,0,
4994004,0,
4994112,0,
4993533,0,
4992196,0,
4993604,0,
4990808,0,
4993535,0,
4992777,0,
2387747,0,
2387748,1,GATHER-SCATTER
4994003,0,
4990807,0,
4994113,0,
4992195,0,
4993534,0,
4991262,0,
4993595,0,
4991261,0,
4992776,0,
4993596,0,
4994613,0,
4997584,0,
4996500,0,
4997582,0,
4997660,0,
4994979,0,
4994611,0,
4994980,0,
4996499,0,
4994612,0,
4994505,0,
4997658,0,
4994504,0,
4997583,0,
4997659,0,
5000337,0,
3756241,1,STACK
5001406,0,
5000170,0,
5000125,0,
5001404,0,
5000338,0,
5001703,0,
5000283,0,
4998577,0,
5000336,0,
5000171,0,
5001405,0,
5001704,0,
5000126,0,
5001098,0,
4998704,0,
4998579,0,
4998578,0,
5000172,0,
5001099,0,
4998705,0,
5001702,0,
5004999,0,
5004636,0,
5005661,0,
5004635,0,
4683035,1,BIPARTITE
5002279,0,
5003718,1,RANDOM
5002922,0,
5004634,0,
5005525,0,
4887999,0,
4888000,1,GATHER-SCATTER
5003025,0,
5003027,0,
5003026,0,
5002921,0,
5002280,0,
5005000,0,
5005526,0,
5003586,0,
5005662,0,
5002281,0,
5002065,0,
5002923,0,
5005527,0,
5004337,0,
5002282,0,
5004338,0,
5006826,0,
5009130,0,
5009675,0,
5009674,0,
5009676,0,
5009128,0,
5006827,0,
5006228,0,
5006229,0,
5009129,0,
5010910,0,
5011564,0,
5012689,0,
5010955,0,
5011565,0,
5010884,0,
5010911,0,
5013511,0,
5010956,0,
5010883,0,
5011147,0,
5011148,0,
5012690,0,
5011103,0,
5013512,0,
5014361,0,
5015143,0,
5018183,0,
5018347,0,
5015144,0,
5018184,0,
5014360,0,
5017103,0,
5017104,0,
5022137,0,
5019051,0,
5018907,0,
5019612,0,
5019613,0,
5019053,0,
5019292,0,
5022061,0,
5021765,0,
5019291,0,
5019052,0,
2387749,0,
2387750,1,GATHER-SCATTER
5022138,0,
5021766,0,
5018908,0,
5019054,0,
5022062,0,
5022135,0,
5023898,0,
5024013,0,
5025271,0,
5023950,0,
5024486,0,
5022905,0,
5025710,0,
5025711,0,
5023005,0,
5023897,0,
5023006,0,
5025712,0,
5023879,0,
5025272,0,
5024021,0,
5023948,0,
5023949,0,
5023880,0,
5024127,0,
5022906,0,
5025273,0,
5024485,0,
5023951,0,
5029917,0,
5027869,0,
5028776,0,
2244743,1,GATHER-SCATTER
5026382,0,
5027894,0,
5029822,0,
5029599,0,
5029600,0,
5027868,0,
5028050,0,
5029824,0,
5028777,0,
5026384,0,
5029124,0,
5029823,0,
5026383,0,
5028778,0,
5028551,0,
5028051,0,
5028052,0,
5027785,0,
5027784,0,
5028550,0,
5029597,0,
5029598,0,
5033442,0,
5033441,0,
5030944,0,
5032903,0,
5031421,0,
5032902,0,
5030943,0,
5032994,0,
5030367,0,
5033400,0,
5031422,0,
5032560,0,
5030366,0,
5033401,0,
5033402,0,
5032995,0,
5032561,0,
5036222,0,
5034249,0,
5037632,0,
5036221,0,
5038131,0,
4887997,0,
4887998,1,GATHER-SCATTER
5034247,0,
5036130,0,
5038133,0,
5035720,0,
5035719,0,
5038132,0,
4269451,0,
4269452,1,BIPARTITE
5034248,0,
5036131,0,
5037054,0,
5037053,0,
5038134,1,GATHER-SCATTER
5037192,0,
5037631,0,
5041504,0,
5039486,0,
5038806,0,
5039099,0,
5039139,0,
5041258,0,
5038807,0,
5041259,0,
5039485,0,
5039100,0,
5040296,0,
5039138,0,
5040297,0,
5044310,0,
5043008,0,
5044312,0,
5044478,0,
5045043,0,
5043675,0,
5045044,0,
5045751,0,
5045042,0,
5044311,0,
5042772,0,
5043674,0,
5045515,0,
5043851,1,RANDOM
5042773,0,
5045750,0,
5045752,0,
5044611,0,
5045516,0,
5043007,0,
5044309,0,
5045045,0,
5042771,0,
5044610,0,
5044308,0,
5046681,0,
5046592,0,
5047746,0,
5046401,0,
5046809,0,
5046810,0,
5048720,0,
5047745,0,
5047744,0,
5046680,0,
5048477,0,
5048721,0,
5046400,0,
4483537,0,
4483538,1,BIPARTITE
5046593,0,
5051396,0,
5051397,0,
5050224,0,
5050202,0,
5050747,0,
5050225,0,
5051250,0,
5051369,0,
5053791,0,
5053212,0,
5050874,0,
5050203,0,
5050537,0,
5051224,0,
5051223,0,
5053790,0,
5050873,0,
5051368,0,
5053213,0,
5050538,0,
5055245,0,
5056995,0,
5056994,0,
5055454,0,
5055787,0,
5057006,0,
5054341,0,
5055786,0,
5056553,0,
5054342,0,
5054874,0,
5054873,0,
5059437,0,
5058846,0,
5059224,0,
5059288,0,
5058692,0,
5061160,0,
5062111,0,
5062112,0,
5061159,0,
5060939,0,
5058851,0,
5060600,0,
5060938,0,
5059223,0,
5060599,0,
5062043,0,
5058691,0,
5062113,0,
5062114,0,
5062115,0,
5062116,0,
5059439,0,
5062122,0,
5058850,0,
5061666,0,
5058852,0,
5062123,0,
5059225,0,
5062044,0,
5063646,0,
5062762,0,
5063250,0,
5063249,0,
5064656,0,
5063723,0,
5063724,0,
5066232,0,
5062803,0,
5066233,0,
5062802,0,
5063725,0,
5063645,0,
5066767,0,
5068659,0,
5066768,0,
5068278,0,
5068691,0,
5066765,0,
5068277,0,
5068692,0,
5033922,0,
5033923,1,STACK
5068061,0,
5068059,0,
5069385,0,
5070516,1,RANDOM
5068657,0,
5069085,0,
5069086,0,
5069386,0,
5068694,0,
5067776,0,
5068060,0,
5068693,0,
5067777,0,
5069387,0,
5066766,0,
5068658,0,
5068656,0,
5072343,0,
5072966,0,
5074037,0,
5072453,0,
5073105,0,
5071262,0,
5074038,0,
5073438,0,
5073867,0,
5072967,0,
5073439,0,
5073322,0,
5071260,0,
5072455,0,
5072968,0,
5072454,0,
5073326,0,
3240082,1,GATHER-SCATTER
5073632,0,
5072664,0,
5071261,0,
5073324,0,
5073868,0,
5072665,0,
5070962,0,
5072663,0,
5073323,0,
5072452,0,
5073633,0,
5073325,0,
5070963,0,
5072445,0,
5072446,0,
5072344,0,
5075158,0,
5075700,0,
5075185,0,
5075157,0,
5074510,0,
5076566,0,
5076563,0,
5077911,0,
5077327,0,
5074511,0,
5077553,0,
5075186,0,
5077947,0,
5077910,0,
5075701,0,
5076564,0,
5077946,0,
5077328,0,
5077554,0,
5076565,0,
4790076,1,GATHER-SCATTER
3352021,0,
3352022,0,
3352023,1,CYCLE
5033920,1,STACK
3732503,1,GATHER-SCATTER
4888001,0,
4888002,1,GATHER-SCATTER
3240083,1,GATHER-SCATTER
5033913,1,STACK
4917039,0,
4917040,1,BIPARTITE
4888003,1,GATHER-SCATTER
2387751,0,
2387752,1,GATHER-SCATTER
4888004,1,GATHER-SCATTER
2387753,0,
2387754,1,GATHER-SCATTER
4917047,1,BIPARTITE
4763838,0,
4763839,1,RANDOM
4269445,1,RANDOM
4763840,1,RANDOM
5033924,1,STACK
4790077,1,GATHER-SCATTER
4296464,1,SCATTER-GATHER
5054177,0,
5054178,1,BIPARTITE
4790078,0,
4790079,1,GATHER-SCATTER
4795917,1,SCATTER-GATHER
4917042,0,
4917043,1,BIPARTITE
3732502,1,GATHER-SCATTER
4389488,1,SCATTER-GATHER
4296466,1,SCATTER-GATHER
4917045,0,
4917046,1,BIPARTITE
4656380,1,FAN-OUT
4809098,1,BIPARTITE
4269446,0,
4269447,1,RANDOM
4790080,1,GATHER-SCATTER
4029575,1,FAN-IN
4029576,1,FAN-IN
4888005,0,
4888006,0,
4888007,1,GATHER-SCATTER
4790081,0,
4790082,1,GATHER-SCATTER
5033916,0,
5033917,1,STACK
5033914,0,
5033915,1,STACK
4888008,0,
4888009,1,GATHER-SCATTER
5074249,1,BIPARTITE
4790083,1,GATHER-SCATTER
4941711,1,STACK
4888010,1,GATHER-SCATTER
4269448,0,
4269449,1,RANDOM
4790084,1,GATHER-SCATTER
5014057,1,STACK
5033925,0,
5033926,1,STACK
5014058,1,STACK
4763841,0,
4763842,0,
4763843,1,RANDOM
4790085,0,
4790086,1,GATHER-SCATTER
4888011,0,
4888012,1,GATHER-SCATTER
4790087,0,
4790088,1,GATHER-SCATTER
4763844,1,RANDOM
5029943,1,BIPARTITE
4269450,1,RANDOM
3732504,1,GATHER-SCATTER
5039884,1,STACK
5033927,0,
5033928,0,
5033929,1,STACK
4763845,1,RANDOM
4888013,0,
4888014,1,GATHER-SCATTER
4888015,0,
4888016,1,GATHER-SCATTER
4888017,1,GATHER-SCATTER
4856084,1,GATHER-SCATTER
4790089,1,GATHER-SCATTER
5033921,1,STACK
4790090,0,
4790091,1,GATHER-SCATTER
4941712,1,STACK
4888018,0,
4888019,1,GATHER-SCATTER
4917058,1,SCATTER-GATHER
4888020,1,GATHER-SCATTER
4763846,0,
4763847,1,RANDOM
3732505,1,GATHER-SCATTER
5038135,1,GATHER-SCATTER
4790092,0,
4790093,0,
4790094,1,GATHER-SCATTER
5039885,1,STACK
4888021,1,GATHER-SCATTER
5038137,1,GATHER-SCATTER
4888022,1,GATHER-SCATTER
5038136,1,GATHER-SCATTER
5033918,0,
5033919,1,STACK
5038138,1,GATHER-SCATTER
5038139,1,GATHER-SCATTER
4790095,1,GATHER-SCATTER
